Entity,Code,Year,Trade openness (share of exports and imports in GDP)
Angola,AGO,1970,68.80734
Angola,AGO,1971,68.141594
Angola,AGO,1972,68.46846
Angola,AGO,1973,69.10569
Angola,AGO,1974,69.230774
Angola,AGO,1975,66.98114
Angola,AGO,1976,69.23077
Angola,AGO,1977,69.230774
Angola,AGO,1978,68.965515
Angola,AGO,1979,68.9441
Angola,AGO,1980,62.149532
Angola,AGO,1981,75.00001
Angola,AGO,1982,70.5
Angola,AGO,1983,67.94258
Angola,AGO,1984,68.778275
Angola,AGO,1985,61.53846
Angola,AGO,1986,48.82813
Angola,AGO,1987,58.983047
Angola,AGO,1988,58.490562
Angola,AGO,1989,56.75676
Angola,AGO,1990,62.59169
Angola,AGO,1991,50
Angola,AGO,1992,142.30687
Angola,AGO,1993,109.29466
Angola,AGO,1994,161.20598
Angola,AGO,1995,154.41
Angola,AGO,1996,152.10999
Angola,AGO,1997,137.65
Angola,AGO,1998,128.64
Angola,AGO,1999,178.68999
Angola,AGO,2000,120.33
Angola,AGO,2001,150.34
Angola,AGO,2002,105.301735
Angola,AGO,2003,103.90123
Angola,AGO,2004,103.580246
Angola,AGO,2005,106.591156
Angola,AGO,2006,94.62516
Angola,AGO,2007,108.060074
Angola,AGO,2008,121.364716
Angola,AGO,2009,122.446144
Angola,AGO,2010,104.12363
Angola,AGO,2011,99.982506
Angola,AGO,2012,91.8001
Angola,AGO,2013,86.81193
Angola,AGO,2014,79.33293
Angola,AGO,2015,62.88852
Angola,AGO,2016,53.37016
Angola,AGO,2017,52.25682
Angola,AGO,2018,66.37801
Angola,AGO,2019,71.940384
Benin,BEN,1959,23.171564
Benin,BEN,1960,35.498375
Benin,BEN,1961,27.714262
Benin,BEN,1962,25.587433
Benin,BEN,1963,29.14264
Benin,BEN,1964,34.41475
Benin,BEN,1965,44.355198
Benin,BEN,1966,46.234467
Benin,BEN,1967,52.79256
Benin,BEN,1968,54.50213
Benin,BEN,1969,62.809414
Benin,BEN,1970,73.10108
Benin,BEN,1971,81.6581
Benin,BEN,1972,72.737335
Benin,BEN,1973,75.51727
Benin,BEN,1974,70.472
Benin,BEN,1975,85.528465
Benin,BEN,1976,72.46532
Benin,BEN,1977,79.14385
Benin,BEN,1978,78.99749
Benin,BEN,1979,84.81877
Benin,BEN,1980,78.450165
Benin,BEN,1981,72.59297
Benin,BEN,1982,68.06
Benin,BEN,1983,53.284645
Benin,BEN,1984,60.539497
Benin,BEN,1985,70.22091
Benin,BEN,1986,62.955875
Benin,BEN,1987,61.680252
Benin,BEN,1988,65.42373
Benin,BEN,1989,40.26396
Benin,BEN,1990,45.720184
Benin,BEN,1991,51.344715
Benin,BEN,1992,56.74074
Benin,BEN,1993,55.381798
Benin,BEN,1994,69.263275
Benin,BEN,1995,64.80322
Benin,BEN,1996,56.61604
Benin,BEN,1997,58.937134
Benin,BEN,1998,59.99526
Benin,BEN,1999,64.666275
Benin,BEN,2000,55.993717
Benin,BEN,2001,57.273132
Benin,BEN,2002,51.47965
Benin,BEN,2003,48.72209
Benin,BEN,2004,46.37335
Benin,BEN,2005,45.81902
Benin,BEN,2006,46.8515
Benin,BEN,2007,57.808273
Benin,BEN,2008,56.49804
Benin,BEN,2009,52.698334
Benin,BEN,2010,60.99278
Benin,BEN,2011,54.180103
Benin,BEN,2012,57.341663
Benin,BEN,2013,63.971054
Benin,BEN,2014,73.20335
Benin,BEN,2015,56.756313
Benin,BEN,2016,58.986927
Benin,BEN,2017,61.4766
Benin,BEN,2018,61.7952
Benin,BEN,2019,54.555912
Botswana,BWA,1960,69.67104
Botswana,BWA,1961,74.20032
Botswana,BWA,1962,77.849594
Botswana,BWA,1963,82.10707
Botswana,BWA,1964,83.60803
Botswana,BWA,1965,89.17496
Botswana,BWA,1966,91.38237
Botswana,BWA,1967,96.39749
Botswana,BWA,1968,97.63841
Botswana,BWA,1969,97.58489
Botswana,BWA,1970,97.238304
Botswana,BWA,1971,106.67114
Botswana,BWA,1972,109.769226
Botswana,BWA,1973,112.940956
Botswana,BWA,1974,106.78494
Botswana,BWA,1975,107.88647
Botswana,BWA,1976,108.52498
Botswana,BWA,1977,116.17239
Botswana,BWA,1978,120.142105
Botswana,BWA,1979,120.67507
Botswana,BWA,1980,119.22815
Botswana,BWA,1981,119.76799
Botswana,BWA,1982,123.127075
Botswana,BWA,1983,126.23194
Botswana,BWA,1984,125.657104
Botswana,BWA,1985,118.42407
Botswana,BWA,1986,116.45361
Botswana,BWA,1987,116.52162
Botswana,BWA,1988,122.159805
Botswana,BWA,1989,105.72709
Botswana,BWA,1990,105.23497
Botswana,BWA,1991,99.959404
Botswana,BWA,1992,90.040276
Botswana,BWA,1993,86.42757
Botswana,BWA,1994,88.18061
Botswana,BWA,1995,94.59518
Botswana,BWA,1996,90.955574
Botswana,BWA,1997,108.604416
Botswana,BWA,1998,101.841034
Botswana,BWA,1999,98.929085
Botswana,BWA,2000,91.92473
Botswana,BWA,2001,87.52476
Botswana,BWA,2002,91.83575
Botswana,BWA,2003,85.834175
Botswana,BWA,2004,90.99763
Botswana,BWA,2005,88.505135
Botswana,BWA,2006,86.334595
Botswana,BWA,2007,95.10458
Botswana,BWA,2008,96.71591
Botswana,BWA,2009,86.68594
Botswana,BWA,2010,94.899796
Botswana,BWA,2011,103.54544
Botswana,BWA,2012,110.65489
Botswana,BWA,2013,122.553894
Botswana,BWA,2014,113.8847
Botswana,BWA,2015,105.93501
Botswana,BWA,2016,96.76239
Botswana,BWA,2017,75.60217
Botswana,BWA,2018,79.50779
Botswana,BWA,2019,74.11062
Burkina Faso,BFA,1959,56.204372
Burkina Faso,BFA,1960,20.6107
Burkina Faso,BFA,1961,21.2259
Burkina Faso,BFA,1962,21.261162
Burkina Faso,BFA,1963,21.276737
Burkina Faso,BFA,1964,14.219737
Burkina Faso,BFA,1965,16.074766
Burkina Faso,BFA,1966,16.731707
Burkina Faso,BFA,1967,18.718025
Burkina Faso,BFA,1968,21.52794
Burkina Faso,BFA,1969,22.29253
Burkina Faso,BFA,1970,21.570324
Burkina Faso,BFA,1971,26.045996
Burkina Faso,BFA,1972,26.715506
Burkina Faso,BFA,1973,28.385357
Burkina Faso,BFA,1974,32.97397
Burkina Faso,BFA,1975,35.48103
Burkina Faso,BFA,1976,36.31128
Burkina Faso,BFA,1977,37.3571
Burkina Faso,BFA,1978,34.417625
Burkina Faso,BFA,1979,35.514633
Burkina Faso,BFA,1980,38.831867
Burkina Faso,BFA,1981,39.089943
Burkina Faso,BFA,1982,41.097694
Burkina Faso,BFA,1983,38.428314
Burkina Faso,BFA,1984,42.786472
Burkina Faso,BFA,1985,40.94623
Burkina Faso,BFA,1986,37.96086
Burkina Faso,BFA,1987,39.44117
Burkina Faso,BFA,1988,38.12885
Burkina Faso,BFA,1989,32.394535
Burkina Faso,BFA,1990,35.421597
Burkina Faso,BFA,1991,33.796925
Burkina Faso,BFA,1992,28.373665
Burkina Faso,BFA,1993,29.624725
Burkina Faso,BFA,1994,39.228355
Burkina Faso,BFA,1995,41.572525
Burkina Faso,BFA,1996,39.578568
Burkina Faso,BFA,1997,38.679585
Burkina Faso,BFA,1998,42.094402
Burkina Faso,BFA,1999,35.254814
Burkina Faso,BFA,2000,35.122948
Burkina Faso,BFA,2001,31.658169
Burkina Faso,BFA,2002,31.312523
Burkina Faso,BFA,2003,30.368237
Burkina Faso,BFA,2004,35.48094
Burkina Faso,BFA,2005,34.172173
Burkina Faso,BFA,2006,35.10654
Burkina Faso,BFA,2007,33.779716
Burkina Faso,BFA,2008,35.385315
Burkina Faso,BFA,2009,40.295986
Burkina Faso,BFA,2010,49.073235
Burkina Faso,BFA,2011,57.497257
Burkina Faso,BFA,2012,61.23861
Burkina Faso,BFA,2013,64.03585
Burkina Faso,BFA,2014,58.823563
Burkina Faso,BFA,2015,59.089184
Burkina Faso,BFA,2016,57.893173
Burkina Faso,BFA,2017,59.26878
Burkina Faso,BFA,2018,60.3033
Burkina Faso,BFA,2019,56.725258
Burundi,BDI,1960,25.590233
Burundi,BDI,1961,27.26283
Burundi,BDI,1962,29.160875
Burundi,BDI,1963,21.537964
Burundi,BDI,1964,25.884098
Burundi,BDI,1965,22.621975
Burundi,BDI,1966,23.501345
Burundi,BDI,1967,22.435465
Burundi,BDI,1968,23.400473
Burundi,BDI,1969,21.515734
Burundi,BDI,1970,22.064009
Burundi,BDI,1971,22.636593
Burundi,BDI,1972,26.856098
Burundi,BDI,1973,24.257076
Burundi,BDI,1974,25.206125
Burundi,BDI,1975,27.679338
Burundi,BDI,1976,29.809608
Burundi,BDI,1977,35.16282
Burundi,BDI,1978,31.757498
Burundi,BDI,1979,38.434673
Burundi,BDI,1980,28.9745
Burundi,BDI,1981,27.444817
Burundi,BDI,1982,33.80226
Burundi,BDI,1983,31.938345
Burundi,BDI,1984,31.965696
Burundi,BDI,1985,27.58035
Burundi,BDI,1986,29.186607
Burundi,BDI,1987,29.87743
Burundi,BDI,1988,32.143723
Burundi,BDI,1989,29.632187
Burundi,BDI,1990,34.19321
Burundi,BDI,1991,38.524666
Burundi,BDI,1992,37.99473
Burundi,BDI,1993,38.293278
Burundi,BDI,1994,33.556995
Burundi,BDI,1995,40.210114
Burundi,BDI,1996,21.61703
Burundi,BDI,1997,24.28133
Burundi,BDI,1998,27.291424
Burundi,BDI,1999,23.545647
Burundi,BDI,2000,29.031445
Burundi,BDI,2001,29.037365
Burundi,BDI,2002,29.732212
Burundi,BDI,2003,34.095364
Burundi,BDI,2004,34.502716
Burundi,BDI,2005,35.1604
Burundi,BDI,2006,42.43133
Burundi,BDI,2007,38.76427
Burundi,BDI,2008,47.23427
Burundi,BDI,2009,35.79989
Burundi,BDI,2010,39.465424
Burundi,BDI,2011,42.955894
Burundi,BDI,2012,43.66543
Burundi,BDI,2013,46.58109
Burundi,BDI,2014,42.9843
Burundi,BDI,2015,35.154995
Burundi,BDI,2016,31.972334
Burundi,BDI,2017,33.917828
Burundi,BDI,2018,37.732544
Burundi,BDI,2019,45.601673
Cameroon,CMR,1960,86.20927
Cameroon,CMR,1961,79.670975
Cameroon,CMR,1962,81.6518
Cameroon,CMR,1963,63.990574
Cameroon,CMR,1964,65.22037
Cameroon,CMR,1965,69.40658
Cameroon,CMR,1966,64.35257
Cameroon,CMR,1967,62.261253
Cameroon,CMR,1968,68.16554
Cameroon,CMR,1969,66.43692
Cameroon,CMR,1970,73.18678
Cameroon,CMR,1971,71.34682
Cameroon,CMR,1972,72.07536
Cameroon,CMR,1973,73.67212
Cameroon,CMR,1974,72.71004
Cameroon,CMR,1975,73.60945
Cameroon,CMR,1976,75.40301
Cameroon,CMR,1977,72.66441
Cameroon,CMR,1978,74.49672
Cameroon,CMR,1979,71.94039
Cameroon,CMR,1980,65.62058
Cameroon,CMR,1981,62.28337
Cameroon,CMR,1982,57.698345
Cameroon,CMR,1983,55.677902
Cameroon,CMR,1984,58.27843
Cameroon,CMR,1985,56.259876
Cameroon,CMR,1986,48.546337
Cameroon,CMR,1987,46.96196
Cameroon,CMR,1988,52.71757
Cameroon,CMR,1989,54.40572
Cameroon,CMR,1990,55.333664
Cameroon,CMR,1991,51.823944
Cameroon,CMR,1992,52.905792
Cameroon,CMR,1993,43.257614
Cameroon,CMR,1994,48.181763
Cameroon,CMR,1995,50.043125
Cameroon,CMR,1996,50.705875
Cameroon,CMR,1997,48.31796
Cameroon,CMR,1998,47.517895
Cameroon,CMR,1999,46.938942
Cameroon,CMR,2000,52.11114
Cameroon,CMR,2001,54.8716
Cameroon,CMR,2002,49.4151
Cameroon,CMR,2003,48.792606
Cameroon,CMR,2004,47.686234
Cameroon,CMR,2005,50.968563
Cameroon,CMR,2006,51.94713
Cameroon,CMR,2007,58.49317
Cameroon,CMR,2008,61.9796
Cameroon,CMR,2009,47.77252
Cameroon,CMR,2010,49.12332
Cameroon,CMR,2011,56.93651
Cameroon,CMR,2012,56.38686
Cameroon,CMR,2013,55.605686
Cameroon,CMR,2014,55.064976
Cameroon,CMR,2015,49.869343
Cameroon,CMR,2016,43.20429
Cameroon,CMR,2017,41.189964
Cameroon,CMR,2018,43.011383
Cameroon,CMR,2019,46.005367
Cape Verde,CPV,1960,166.78317
Cape Verde,CPV,1961,101.30551
Cape Verde,CPV,1962,109.875084
Cape Verde,CPV,1963,130.47305
Cape Verde,CPV,1964,131.51978
Cape Verde,CPV,1965,130.73482
Cape Verde,CPV,1966,114.67001
Cape Verde,CPV,1967,108.87258
Cape Verde,CPV,1968,110.92945
Cape Verde,CPV,1969,118.17934
Cape Verde,CPV,1970,108.57419
Cape Verde,CPV,1971,108.39058
Cape Verde,CPV,1972,108.556076
Cape Verde,CPV,1973,109.00288
Cape Verde,CPV,1974,109.53988
Cape Verde,CPV,1975,107.38152
Cape Verde,CPV,1976,107.47254
Cape Verde,CPV,1977,109.383606
Cape Verde,CPV,1978,111.2368
Cape Verde,CPV,1979,112.224915
Cape Verde,CPV,1980,96.5897
Cape Verde,CPV,1981,107.92772
Cape Verde,CPV,1982,118.93891
Cape Verde,CPV,1983,120.50275
Cape Verde,CPV,1984,117.165504
Cape Verde,CPV,1985,118.40988
Cape Verde,CPV,1986,105.94058
Cape Verde,CPV,1987,96.75705
Cape Verde,CPV,1988,88.12547
Cape Verde,CPV,1989,95.23688
Cape Verde,CPV,1990,98.163574
Cape Verde,CPV,1991,92.747696
Cape Verde,CPV,1992,96.28438
Cape Verde,CPV,1993,95.014755
Cape Verde,CPV,1994,99.15713
Cape Verde,CPV,1995,95.30902
Cape Verde,CPV,1996,93.35125
Cape Verde,CPV,1997,103.257965
Cape Verde,CPV,1998,91.1497
Cape Verde,CPV,1999,92.08264
Cape Verde,CPV,2000,100.30651
Cape Verde,CPV,2001,96.8327
Cape Verde,CPV,2002,107.16756
Cape Verde,CPV,2003,84.91907
Cape Verde,CPV,2004,89.414116
Cape Verde,CPV,2005,90.1733
Cape Verde,CPV,2006,94.29825
Cape Verde,CPV,2007,102.22401
Cape Verde,CPV,2008,99.98471
Cape Verde,CPV,2009,88.0373
Cape Verde,CPV,2010,94.43833
Cape Verde,CPV,2011,99.84907
Cape Verde,CPV,2012,100.2771
Cape Verde,CPV,2013,95.33911
Cape Verde,CPV,2014,101.04625
Cape Verde,CPV,2015,104.0661
Cape Verde,CPV,2016,104.191864
Cape Verde,CPV,2017,113.30317
Cape Verde,CPV,2018,117.274666
Cape Verde,CPV,2019,116.21452
Central African Republic,CAF,1960,57.454544
Central African Republic,CAF,1961,62.251656
Central African Republic,CAF,1962,62.295067
Central African Republic,CAF,1963,63.72239
Central African Republic,CAF,1964,69.25285
Central African Republic,CAF,1965,64.769646
Central African Republic,CAF,1966,70.876274
Central African Republic,CAF,1967,73.200966
Central African Republic,CAF,1968,73.94351
Central African Republic,CAF,1969,64.93311
Central African Republic,CAF,1970,73.50085
Central African Republic,CAF,1971,67.222694
Central African Republic,CAF,1972,58.747883
Central African Republic,CAF,1973,65.10493
Central African Republic,CAF,1974,71.072945
Central African Republic,CAF,1975,61.050312
Central African Republic,CAF,1976,51.513474
Central African Republic,CAF,1977,59.529305
Central African Republic,CAF,1978,57.30608
Central African Republic,CAF,1979,57.56551
Central African Republic,CAF,1980,66.30232
Central African Republic,CAF,1981,58.443195
Central African Republic,CAF,1982,56.402252
Central African Republic,CAF,1983,60.76526
Central African Republic,CAF,1984,58.89567
Central African Republic,CAF,1985,56.962265
Central African Republic,CAF,1986,49.66026
Central African Republic,CAF,1987,49.21258
Central African Republic,CAF,1988,45.45362
Central African Republic,CAF,1989,49.707546
Central African Republic,CAF,1990,45.57519
Central African Republic,CAF,1991,46.397743
Central African Republic,CAF,1992,45.86524
Central African Republic,CAF,1993,42.49167
Central African Republic,CAF,1994,51.564743
Central African Republic,CAF,1995,53.6628
Central African Republic,CAF,1996,50.089138
Central African Republic,CAF,1997,59.442226
Central African Republic,CAF,1998,54.28055
Central African Republic,CAF,1999,45.94927
Central African Republic,CAF,2000,48.554295
Central African Republic,CAF,2001,42.224625
Central African Republic,CAF,2002,38.391228
Central African Republic,CAF,2003,38.61717
Central African Republic,CAF,2004,35.31546
Central African Republic,CAF,2005,36.839413
Central African Republic,CAF,2006,38.788597
Central African Republic,CAF,2007,39.745255
Central African Republic,CAF,2008,36.697945
Central African Republic,CAF,2009,31.494246
Central African Republic,CAF,2010,34.430496
Central African Republic,CAF,2011,34.47562
Central African Republic,CAF,2012,33.05945
Central African Republic,CAF,2013,38.399323
Central African Republic,CAF,2014,53.095116
Central African Republic,CAF,2015,53.14514
Central African Republic,CAF,2016,50.530624
Central African Republic,CAF,2017,57.143547
Central African Republic,CAF,2018,65.86366
Central African Republic,CAF,2019,66.13512
Chad,TCD,1960,36.68446
Chad,TCD,1961,39.69788
Chad,TCD,1962,40.344185
Chad,TCD,1963,39.24479
Chad,TCD,1964,43.05184
Chad,TCD,1965,36.583694
Chad,TCD,1966,36.925854
Chad,TCD,1967,37.28343
Chad,TCD,1968,37.936962
Chad,TCD,1969,34.403114
Chad,TCD,1970,42.1956
Chad,TCD,1971,40.82367
Chad,TCD,1972,42.448753
Chad,TCD,1973,47.800068
Chad,TCD,1974,48.734394
Chad,TCD,1975,41.017197
Chad,TCD,1976,44.95363
Chad,TCD,1977,43.726654
Chad,TCD,1978,44.390312
Chad,TCD,1979,52.41623
Chad,TCD,1980,29.816574
Chad,TCD,1981,29.816576
Chad,TCD,1982,30.313534
Chad,TCD,1983,51.971985
Chad,TCD,1984,52.683685
Chad,TCD,1985,52.2196
Chad,TCD,1986,50.689762
Chad,TCD,1987,53.63363
Chad,TCD,1988,50.302803
Chad,TCD,1989,48.82141
Chad,TCD,1990,49.91878
Chad,TCD,1991,47.31028
Chad,TCD,1992,47.987247
Chad,TCD,1993,51.505344
Chad,TCD,1994,51.132244
Chad,TCD,1995,54.393494
Chad,TCD,1996,50.35631
Chad,TCD,1997,52.492058
Chad,TCD,1998,51.340622
Chad,TCD,1999,52.98178
Chad,TCD,2000,57.042248
Chad,TCD,2001,64.32191
Chad,TCD,2002,120.20407
Chad,TCD,2003,101.47241
Chad,TCD,2004,95.580635
Chad,TCD,2005,88.86319
Chad,TCD,2006,90.89108
Chad,TCD,2007,86.31293
Chad,TCD,2008,78.7286
Chad,TCD,2009,72.85068
Chad,TCD,2010,74.66532
Chad,TCD,2011,72.51197
Chad,TCD,2012,67.75745
Chad,TCD,2013,61.44225
Chad,TCD,2014,45.287228
Chad,TCD,2015,52.37676
Chad,TCD,2016,52.13395
Chad,TCD,2017,50.384254
Chad,TCD,2018,56.16626
Chad,TCD,2019,58.85246
Congo,COG,1960,142.31522
Congo,COG,1961,133.3521
Congo,COG,1962,125.50608
Congo,COG,1963,128.61804
Congo,COG,1964,129.47787
Congo,COG,1965,121.2364
Congo,COG,1966,108.45412
Congo,COG,1967,115.54973
Congo,COG,1968,117.697075
Congo,COG,1969,120.100655
Congo,COG,1970,125.28102
Congo,COG,1971,143.16704
Congo,COG,1972,133.85129
Congo,COG,1973,133.47089
Congo,COG,1974,151.66254
Congo,COG,1975,147.29535
Congo,COG,1976,150.32568
Congo,COG,1977,165.33472
Congo,COG,1978,152.28616
Congo,COG,1979,156.83252
Congo,COG,1980,171.96045
Congo,COG,1981,195.64682
Congo,COG,1982,211.55768
Congo,COG,1983,175.91496
Congo,COG,1984,165.52577
Congo,COG,1985,159.6773
Congo,COG,1986,162.2996
Congo,COG,1987,129.78413
Congo,COG,1988,132.81306
Congo,COG,1989,127.25017
Congo,COG,1990,90.04654
Congo,COG,1991,78.57413
Congo,COG,1992,91.12446
Congo,COG,1993,91.62759
Congo,COG,1994,142.53017
Congo,COG,1995,131.00899
Congo,COG,1996,122.050285
Congo,COG,1997,146.12898
Congo,COG,1998,157.23036
Congo,COG,1999,134.03748
Congo,COG,2000,127.10427
Congo,COG,2001,131.9836
Congo,COG,2002,128.54198
Congo,COG,2003,127.25235
Congo,COG,2004,124.569176
Congo,COG,2005,125.46953
Congo,COG,2006,125.60077
Congo,COG,2007,148.58662
Congo,COG,2008,133.10849
Congo,COG,2009,138.2489
Congo,COG,2010,119.14469
Congo,COG,2011,118.46385
Congo,COG,2012,97.444435
Congo,COG,2013,93.00298
Congo,COG,2014,104.99384
Congo,COG,2015,124.05781
Congo,COG,2016,131.6437
Congo,COG,2017,114.08153
Congo,COG,2018,122.82039
Congo,COG,2019,118.58862
Cote d'Ivoire,CIV,1960,61.928577
Cote d'Ivoire,CIV,1961,69.598694
Cote d'Ivoire,CIV,1962,65.2066
Cote d'Ivoire,CIV,1963,62.4224
Cote d'Ivoire,CIV,1964,65.8068
Cote d'Ivoire,CIV,1965,73.58193
Cote d'Ivoire,CIV,1966,71.526566
Cote d'Ivoire,CIV,1967,71.179924
Cote d'Ivoire,CIV,1968,74.7284
Cote d'Ivoire,CIV,1969,69.58647
Cote d'Ivoire,CIV,1970,71.12196
Cote d'Ivoire,CIV,1971,70.86592
Cote d'Ivoire,CIV,1972,72.017876
Cote d'Ivoire,CIV,1973,78.11563
Cote d'Ivoire,CIV,1974,88.17583
Cote d'Ivoire,CIV,1975,76.83564
Cote d'Ivoire,CIV,1976,81.25843
Cote d'Ivoire,CIV,1977,82.26335
Cote d'Ivoire,CIV,1978,77.105156
Cote d'Ivoire,CIV,1979,75.89545
Cote d'Ivoire,CIV,1980,79.693436
Cote d'Ivoire,CIV,1981,80.718346
Cote d'Ivoire,CIV,1982,79.051125
Cote d'Ivoire,CIV,1983,72.67319
Cote d'Ivoire,CIV,1984,77.105774
Cote d'Ivoire,CIV,1985,79.172516
Cote d'Ivoire,CIV,1986,69.67873
Cote d'Ivoire,CIV,1987,63.05043
Cote d'Ivoire,CIV,1988,58.38245
Cote d'Ivoire,CIV,1989,55.646576
Cote d'Ivoire,CIV,1990,53.366272
Cote d'Ivoire,CIV,1991,51.85982
Cote d'Ivoire,CIV,1992,55.63579
Cote d'Ivoire,CIV,1993,52.564915
Cote d'Ivoire,CIV,1994,70.10399
Cote d'Ivoire,CIV,1995,69.15028
Cote d'Ivoire,CIV,1996,74.748695
Cote d'Ivoire,CIV,1997,78.208046
Cote d'Ivoire,CIV,1998,76.1924
Cote d'Ivoire,CIV,1999,70.532715
Cote d'Ivoire,CIV,2000,73.59631
Cote d'Ivoire,CIV,2001,73.550385
Cote d'Ivoire,CIV,2002,79.86218
Cote d'Ivoire,CIV,2003,75.26697
Cote d'Ivoire,CIV,2004,84.6058
Cote d'Ivoire,CIV,2005,93.92264
Cote d'Ivoire,CIV,2006,95.06973
Cote d'Ivoire,CIV,2007,89.4454
Cote d'Ivoire,CIV,2008,87.27486
Cote d'Ivoire,CIV,2009,90.77923
Cote d'Ivoire,CIV,2010,89.204124
Cote d'Ivoire,CIV,2011,81.237976
Cote d'Ivoire,CIV,2012,80.183846
Cote d'Ivoire,CIV,2013,65.1012
Cote d'Ivoire,CIV,2014,56.80969
Cote d'Ivoire,CIV,2015,52.715786
Cote d'Ivoire,CIV,2016,47.515602
Cote d'Ivoire,CIV,2017,48.540775
Cote d'Ivoire,CIV,2018,46.0679
Cote d'Ivoire,CIV,2019,46.400772
Democratic Republic of Congo,COD,1950,81.83107
Democratic Republic of Congo,COD,1951,84.90968
Democratic Republic of Congo,COD,1952,88.76505
Democratic Republic of Congo,COD,1953,78.80429
Democratic Republic of Congo,COD,1954,85.0609
Democratic Republic of Congo,COD,1955,84.94335
Democratic Republic of Congo,COD,1956,89.15832
Democratic Republic of Congo,COD,1957,87.767685
Democratic Republic of Congo,COD,1958,77.61637
Democratic Republic of Congo,COD,1959,80.29063
Democratic Republic of Congo,COD,1960,98.416084
Democratic Republic of Congo,COD,1961,50.60176
Democratic Republic of Congo,COD,1962,40.203884
Democratic Republic of Congo,COD,1963,158.72266
Democratic Republic of Congo,COD,1964,175.44493
Democratic Republic of Congo,COD,1965,134.23138
Democratic Republic of Congo,COD,1966,159.51126
Democratic Republic of Congo,COD,1967,77.65368
Democratic Republic of Congo,COD,1968,73.812904
Democratic Republic of Congo,COD,1969,69.18849
Democratic Republic of Congo,COD,1970,86.8256
Democratic Republic of Congo,COD,1971,80.134674
Democratic Republic of Congo,COD,1972,77.72126
Democratic Republic of Congo,COD,1973,81.88348
Democratic Republic of Congo,COD,1974,97.51309
Democratic Republic of Congo,COD,1975,73.25153
Democratic Republic of Congo,COD,1976,83.202965
Democratic Republic of Congo,COD,1977,86.4881
Democratic Republic of Congo,COD,1978,48.614395
Democratic Republic of Congo,COD,1979,45.93362
Democratic Republic of Congo,COD,1980,72.63569
Democratic Republic of Congo,COD,1981,77.16267
Democratic Republic of Congo,COD,1982,62.5194
Democratic Republic of Congo,COD,1983,75.42315
Democratic Republic of Congo,COD,1984,133.03458
Democratic Republic of Congo,COD,1985,133.2182
Democratic Republic of Congo,COD,1986,120.99048
Democratic Republic of Congo,COD,1987,54.84318
Democratic Republic of Congo,COD,1988,53.32097
Democratic Republic of Congo,COD,1989,50.328453
Democratic Republic of Congo,COD,1990,58.708363
Democratic Republic of Congo,COD,1991,40
Democratic Republic of Congo,COD,1992,33.90024
Democratic Republic of Congo,COD,1993,20.430902
Democratic Republic of Congo,COD,1994,42.516724
Democratic Republic of Congo,COD,1995,52.20853
Democratic Republic of Congo,COD,1996,60.316254
Democratic Republic of Congo,COD,1997,33.75
Democratic Republic of Congo,COD,1998,62.67931
Democratic Republic of Congo,COD,1999,41.177658
Democratic Republic of Congo,COD,2000,27.013891
Democratic Republic of Congo,COD,2001,25.042576
Democratic Republic of Congo,COD,2002,29.316896
Democratic Republic of Congo,COD,2003,54.030853
Democratic Republic of Congo,COD,2004,49.336346
Democratic Republic of Congo,COD,2005,52.314777
Democratic Republic of Congo,COD,2006,47.96454
Democratic Republic of Congo,COD,2007,80.145454
Democratic Republic of Congo,COD,2008,83.77155
Democratic Republic of Congo,COD,2009,62.94533
Democratic Republic of Congo,COD,2010,90.74767
Democratic Republic of Congo,COD,2011,85.19828
Democratic Republic of Congo,COD,2012,68.35159
Democratic Republic of Congo,COD,2013,77.46579
Democratic Republic of Congo,COD,2014,78.69011
Democratic Republic of Congo,COD,2015,59.332634
Democratic Republic of Congo,COD,2016,51.484673
Democratic Republic of Congo,COD,2017,75.034966
Democratic Republic of Congo,COD,2018,71.81346
Democratic Republic of Congo,COD,2019,67.28727
Djibouti,DJI,1970,85.64078
Djibouti,DJI,1971,85.807686
Djibouti,DJI,1972,85.23571
Djibouti,DJI,1973,85.87893
Djibouti,DJI,1974,86.30842
Djibouti,DJI,1975,83.51976
Djibouti,DJI,1976,87.80861
Djibouti,DJI,1977,87.5969
Djibouti,DJI,1978,74.85799
Djibouti,DJI,1979,101.82748
Djibouti,DJI,1980,95.522
Djibouti,DJI,1981,104.397354
Djibouti,DJI,1982,117.26204
Djibouti,DJI,1983,121.02592
Djibouti,DJI,1984,132.0413
Djibouti,DJI,1985,142.66321
Djibouti,DJI,1986,132.52621
Djibouti,DJI,1987,129.0994
Djibouti,DJI,1988,121.35954
Djibouti,DJI,1989,114.20549
Djibouti,DJI,1990,190.67105
Djibouti,DJI,1991,196.39323
Djibouti,DJI,1992,120.76099
Djibouti,DJI,1993,124.18048
Djibouti,DJI,1994,106.004166
Djibouti,DJI,1995,94.99382
Djibouti,DJI,1996,97.16853
Djibouti,DJI,1997,100.07584
Djibouti,DJI,1998,106.377625
Djibouti,DJI,1999,94.87403
Djibouti,DJI,2000,91.96846
Djibouti,DJI,2001,87.98012
Djibouti,DJI,2002,85.367805
Djibouti,DJI,2003,93.64683
Djibouti,DJI,2004,91.29383
Djibouti,DJI,2005,97.639465
Djibouti,DJI,2006,105.29876
Djibouti,DJI,2007,107.916275
Djibouti,DJI,2008,108.720764
Djibouti,DJI,2009,139.10184
Djibouti,DJI,2010,178.13524
Djibouti,DJI,2011,228.33395
Djibouti,DJI,2012,292.95493
Djibouti,DJI,2013,376.22412
Djibouti,DJI,2014,319.79062
Djibouti,DJI,2015,280.12045
Djibouti,DJI,2016,224.46213
Djibouti,DJI,2017,325.4395
Djibouti,DJI,2018,317.8985
Djibouti,DJI,2019,328.7149
Eritrea,ERI,1990,80.605965
Eritrea,ERI,1991,86.76712
Eritrea,ERI,1992,56.269054
Eritrea,ERI,1993,98.78171
Eritrea,ERI,1994,105.25059
Eritrea,ERI,1995,98.80248
Eritrea,ERI,1996,108.04232
Eritrea,ERI,1997,103.24148
Eritrea,ERI,1998,87.292114
Eritrea,ERI,1999,74.1995
Eritrea,ERI,2000,67.88136
Eritrea,ERI,2001,72.06271
Eritrea,ERI,2002,76.59016
Eritrea,ERI,2003,74.00783
Eritrea,ERI,2004,65.5709
Eritrea,ERI,2005,61.106033
Eritrea,ERI,2006,58.484097
Eritrea,ERI,2007,44.656364
Eritrea,ERI,2008,45.2163
Eritrea,ERI,2009,40.45349
Eritrea,ERI,2010,38.779625
Eritrea,ERI,2011,55.81587
Eritrea,ERI,2012,52.592194
Eritrea,ERI,2013,41.849525
Eritrea,ERI,2014,55.75806
Eritrea,ERI,2015,58.0688
Eritrea,ERI,2016,41.683678
Eritrea,ERI,2017,57.065
Eritrea,ERI,2018,61.334843
Eritrea,ERI,2019,60.808285
Eswatini,SWZ,1970,140.86584
Eswatini,SWZ,1971,133.96686
Eswatini,SWZ,1972,132.29762
Eswatini,SWZ,1973,145.3511
Eswatini,SWZ,1974,146.67653
Eswatini,SWZ,1975,138.37135
Eswatini,SWZ,1976,143.73738
Eswatini,SWZ,1977,145.47528
Eswatini,SWZ,1978,149.13068
Eswatini,SWZ,1979,163.6923
Eswatini,SWZ,1980,169.81332
Eswatini,SWZ,1981,166.84253
Eswatini,SWZ,1982,160.4435
Eswatini,SWZ,1983,155.64388
Eswatini,SWZ,1984,154.50461
Eswatini,SWZ,1985,147.88445
Eswatini,SWZ,1986,143.10931
Eswatini,SWZ,1987,159.50641
Eswatini,SWZ,1988,150.64574
Eswatini,SWZ,1989,170.92146
Eswatini,SWZ,1990,131.41861
Eswatini,SWZ,1991,133.31398
Eswatini,SWZ,1992,137.1559
Eswatini,SWZ,1993,138.19705
Eswatini,SWZ,1994,136.31691
Eswatini,SWZ,1995,134.09906
Eswatini,SWZ,1996,139.89723
Eswatini,SWZ,1997,137.52597
Eswatini,SWZ,1998,151.95105
Eswatini,SWZ,1999,139.97925
Eswatini,SWZ,2000,151.2383
Eswatini,SWZ,2001,160.88037
Eswatini,SWZ,2002,163.52933
Eswatini,SWZ,2003,170.40718
Eswatini,SWZ,2004,144.18263
Eswatini,SWZ,2005,132.6728
Eswatini,SWZ,2006,128.65527
Eswatini,SWZ,2007,125.05748
Eswatini,SWZ,2008,122.79426
Eswatini,SWZ,2009,118.53455
Eswatini,SWZ,2010,106.04979
Eswatini,SWZ,2011,80.7616
Eswatini,SWZ,2012,79.66482
Eswatini,SWZ,2013,86.798065
Eswatini,SWZ,2014,88.35427
Eswatini,SWZ,2015,83.79743
Eswatini,SWZ,2016,86.09302
Eswatini,SWZ,2017,86.915054
Eswatini,SWZ,2018,84.27653
Eswatini,SWZ,2019,87.25011
Ethiopia,ETH,1950,6.721355
Ethiopia,ETH,1951,7.197299
Ethiopia,ETH,1952,9.11134
Ethiopia,ETH,1953,12.332558
Ethiopia,ETH,1954,11.766844
Ethiopia,ETH,1955,13.294411
Ethiopia,ETH,1956,11.357412
Ethiopia,ETH,1957,14.199514
Ethiopia,ETH,1958,14.872175
Ethiopia,ETH,1959,15.686271
Ethiopia,ETH,1960,16.140308
Ethiopia,ETH,1961,16.361319
Ethiopia,ETH,1962,19.61912
Ethiopia,ETH,1963,19.32357
Ethiopia,ETH,1964,20.597773
Ethiopia,ETH,1965,21.73612
Ethiopia,ETH,1966,22.245052
Ethiopia,ETH,1967,19.447634
Ethiopia,ETH,1968,19.12941
Ethiopia,ETH,1969,18.637587
Ethiopia,ETH,1970,18.098318
Ethiopia,ETH,1971,17.678783
Ethiopia,ETH,1972,18.358206
Ethiopia,ETH,1973,19.636736
Ethiopia,ETH,1974,21.769318
Ethiopia,ETH,1975,23.045538
Ethiopia,ETH,1976,21.49444
Ethiopia,ETH,1977,22.67829
Ethiopia,ETH,1978,24.078613
Ethiopia,ETH,1979,23.61798
Ethiopia,ETH,1980,27.593145
Ethiopia,ETH,1981,25.697237
Ethiopia,ETH,1982,25.969666
Ethiopia,ETH,1983,25.662167
Ethiopia,ETH,1984,24.762463
Ethiopia,ETH,1985,19.265549
Ethiopia,ETH,1986,21.806908
Ethiopia,ETH,1987,19.812565
Ethiopia,ETH,1988,18.677355
Ethiopia,ETH,1989,21.988886
Ethiopia,ETH,1990,15.343945
Ethiopia,ETH,1991,13.9677925
Ethiopia,ETH,1992,11.789916
Ethiopia,ETH,1993,19.476042
Ethiopia,ETH,1994,25.384342
Ethiopia,ETH,1995,29.563988
Ethiopia,ETH,1996,29.900112
Ethiopia,ETH,1997,30.367989
Ethiopia,ETH,1998,33.663013
Ethiopia,ETH,1999,35.993534
Ethiopia,ETH,2000,36.31443
Ethiopia,ETH,2001,36.012016
Ethiopia,ETH,2002,39.602398
Ethiopia,ETH,2003,41.13998
Ethiopia,ETH,2004,46.947556
Ethiopia,ETH,2005,51.08666
Ethiopia,ETH,2006,50.867004
Ethiopia,ETH,2007,45.185314
Ethiopia,ETH,2008,42.662994
Ethiopia,ETH,2009,39.606697
Ethiopia,ETH,2010,47.077427
Ethiopia,ETH,2011,48.232773
Ethiopia,ETH,2012,45.398064
Ethiopia,ETH,2013,41.47185
Ethiopia,ETH,2014,40.74066
Ethiopia,ETH,2015,39.656155
Ethiopia,ETH,2016,34.898968
Ethiopia,ETH,2017,31.103632
Ethiopia,ETH,2018,31.199371
Ethiopia,ETH,2019,28.742044
Gabon,GAB,1960,62.838627
Gabon,GAB,1961,60.917007
Gabon,GAB,1962,61.632683
Gabon,GAB,1963,70.05184
Gabon,GAB,1964,76.46611
Gabon,GAB,1965,78.556725
Gabon,GAB,1966,77.461586
Gabon,GAB,1967,103.01721
Gabon,GAB,1968,92.9886
Gabon,GAB,1969,102.95235
Gabon,GAB,1970,72.5838
Gabon,GAB,1971,98.1938
Gabon,GAB,1972,120.34158
Gabon,GAB,1973,96.44544
Gabon,GAB,1974,83.38512
Gabon,GAB,1975,80.605194
Gabon,GAB,1976,75.87325
Gabon,GAB,1977,85.12441
Gabon,GAB,1978,89.894165
Gabon,GAB,1979,78.386566
Gabon,GAB,1980,79.60392
Gabon,GAB,1981,86.03648
Gabon,GAB,1982,83.73194
Gabon,GAB,1983,86.70786
Gabon,GAB,1984,82.12249
Gabon,GAB,1985,82.75766
Gabon,GAB,1986,79.97412
Gabon,GAB,1987,67.52277
Gabon,GAB,1988,66.76912
Gabon,GAB,1989,74.93992
Gabon,GAB,1990,73.98769
Gabon,GAB,1991,70.58556
Gabon,GAB,1992,69.95469
Gabon,GAB,1993,73.04905
Gabon,GAB,1994,87.75459
Gabon,GAB,1995,84.33221
Gabon,GAB,1996,84.38439
Gabon,GAB,1997,91.65477
Gabon,GAB,1998,83.20763
Gabon,GAB,1999,86.2477
Gabon,GAB,2000,89.09862
Gabon,GAB,2001,81.9837
Gabon,GAB,2002,80.97822
Gabon,GAB,2003,79.54656
Gabon,GAB,2004,80.84339
Gabon,GAB,2005,83.9496
Gabon,GAB,2006,88.64941
Gabon,GAB,2007,85.13248
Gabon,GAB,2008,88.16848
Gabon,GAB,2009,83.500084
Gabon,GAB,2010,89.16122
Gabon,GAB,2011,90.50294
Gabon,GAB,2012,92.342445
Gabon,GAB,2013,90.63575
Gabon,GAB,2014,73.52113
Gabon,GAB,2015,73.949554
Gabon,GAB,2016,70.13332
Gabon,GAB,2017,75.070656
Gabon,GAB,2018,72.83909
Gabon,GAB,2019,73.2415
Gambia,GMB,1960,74.39235
Gambia,GMB,1961,79.31839
Gambia,GMB,1962,71.49188
Gambia,GMB,1963,65.83759
Gambia,GMB,1964,82.13571
Gambia,GMB,1965,77.161674
Gambia,GMB,1966,78.71052
Gambia,GMB,1967,92.79187
Gambia,GMB,1968,90.96145
Gambia,GMB,1969,98.99252
Gambia,GMB,1970,77.720245
Gambia,GMB,1971,82.22221
Gambia,GMB,1972,83.695465
Gambia,GMB,1973,80.148346
Gambia,GMB,1974,79.062096
Gambia,GMB,1975,79.1294
Gambia,GMB,1976,80.749405
Gambia,GMB,1977,78.77539
Gambia,GMB,1978,81.14543
Gambia,GMB,1979,90.03717
Gambia,GMB,1980,88.14347
Gambia,GMB,1981,81.43236
Gambia,GMB,1982,97.74165
Gambia,GMB,1983,102.285805
Gambia,GMB,1984,91.505745
Gambia,GMB,1985,101.86624
Gambia,GMB,1986,105.70628
Gambia,GMB,1987,106.049034
Gambia,GMB,1988,104.38749
Gambia,GMB,1989,100.52751
Gambia,GMB,1990,103.26767
Gambia,GMB,1991,106.29215
Gambia,GMB,1992,100.11758
Gambia,GMB,1993,129.73062
Gambia,GMB,1994,111.500404
Gambia,GMB,1995,107.331215
Gambia,GMB,1996,109.892715
Gambia,GMB,1997,100.20095
Gambia,GMB,1998,108.48162
Gambia,GMB,1999,97.72242
Gambia,GMB,2000,105.05166
Gambia,GMB,2001,83.39
Gambia,GMB,2002,69.64
Gambia,GMB,2003,37.850002
Gambia,GMB,2004,43.947147
Gambia,GMB,2005,44.373375
Gambia,GMB,2006,49.068268
Gambia,GMB,2007,48.47517
Gambia,GMB,2008,39.419453
Gambia,GMB,2009,35.530533
Gambia,GMB,2010,33.601444
Gambia,GMB,2011,42.606037
Gambia,GMB,2012,47.131123
Gambia,GMB,2013,45.46192
Gambia,GMB,2014,58.25794
Gambia,GMB,2015,52.937508
Gambia,GMB,2016,46.0214
Gambia,GMB,2017,53.319054
Gambia,GMB,2018,49.308006
Gambia,GMB,2019,51.87928
Ghana,GHA,1955,38.88039
Ghana,GHA,1956,36.312515
Ghana,GHA,1957,37.038868
Ghana,GHA,1958,35.076126
Ghana,GHA,1959,37.027008
Ghana,GHA,1960,37.676353
Ghana,GHA,1961,37.032864
Ghana,GHA,1962,30.99674
Ghana,GHA,1963,28.819653
Ghana,GHA,1964,25.965405
Ghana,GHA,1965,25.909472
Ghana,GHA,1966,18.668299
Ghana,GHA,1967,21.127975
Ghana,GHA,1968,23.28743
Ghana,GHA,1969,22.664677
Ghana,GHA,1970,24.342876
Ghana,GHA,1971,20.282272
Ghana,GHA,1972,20.809736
Ghana,GHA,1973,19.594065
Ghana,GHA,1974,20.769424
Ghana,GHA,1975,19.56521
Ghana,GHA,1976,16.443867
Ghana,GHA,1977,11.409738
Ghana,GHA,1978,9.343993
Ghana,GHA,1979,11.594945
Ghana,GHA,1980,9.123337
Ghana,GHA,1981,5.2181616
Ghana,GHA,1982,3.2729208
Ghana,GHA,1983,5.977897
Ghana,GHA,1984,7.852809
Ghana,GHA,1985,11.019775
Ghana,GHA,1986,17.43521
Ghana,GHA,1987,23.07848
Ghana,GHA,1988,21.590216
Ghana,GHA,1989,25.240597
Ghana,GHA,1990,20.40082
Ghana,GHA,1991,20.433046
Ghana,GHA,1992,22.184029
Ghana,GHA,1993,26.623838
Ghana,GHA,1994,29.179409
Ghana,GHA,1995,27.863365
Ghana,GHA,1996,29.041397
Ghana,GHA,1997,30.390198
Ghana,GHA,1998,37.124012
Ghana,GHA,1999,38.662823
Ghana,GHA,2000,54.91832
Ghana,GHA,2001,52.076317
Ghana,GHA,2002,46.137566
Ghana,GHA,2003,46.039494
Ghana,GHA,2004,47.16419
Ghana,GHA,2005,46.451977
Ghana,GHA,2006,49.8037
Ghana,GHA,2007,49.374317
Ghana,GHA,2008,52.517033
Ghana,GHA,2009,54.088764
Ghana,GHA,2010,54.95177
Ghana,GHA,2011,65.19534
Ghana,GHA,2012,70.38761
Ghana,GHA,2013,61.687218
Ghana,GHA,2014,65.17055
Ghana,GHA,2015,75.586395
Ghana,GHA,2016,69.35767
Ghana,GHA,2017,73.6482
Ghana,GHA,2018,71.67815
Ghana,GHA,2019,71.3782
Guinea,GIN,1959,27.273888
Guinea,GIN,1960,38.57559
Guinea,GIN,1961,47.56647
Guinea,GIN,1962,39.46978
Guinea,GIN,1963,32.374275
Guinea,GIN,1964,28.675667
Guinea,GIN,1965,31.907293
Guinea,GIN,1966,38.3133
Guinea,GIN,1967,28.537807
Guinea,GIN,1968,31.406345
Guinea,GIN,1969,37.245617
Guinea,GIN,1970,38.510403
Guinea,GIN,1971,38.51654
Guinea,GIN,1972,38.474995
Guinea,GIN,1973,38.461178
Guinea,GIN,1974,38.46625
Guinea,GIN,1975,38.63304
Guinea,GIN,1976,38.54724
Guinea,GIN,1977,38.26727
Guinea,GIN,1978,38.392075
Guinea,GIN,1979,38.49163
Guinea,GIN,1980,39.46699
Guinea,GIN,1981,38.118248
Guinea,GIN,1982,36.867405
Guinea,GIN,1983,39.016075
Guinea,GIN,1984,38.989437
Guinea,GIN,1985,38.027798
Guinea,GIN,1986,39.396935
Guinea,GIN,1987,41.810463
Guinea,GIN,1988,39.546223
Guinea,GIN,1989,40.780334
Guinea,GIN,1990,43.71993
Guinea,GIN,1991,34.829796
Guinea,GIN,1992,35.31605
Guinea,GIN,1993,36.081978
Guinea,GIN,1994,33.301826
Guinea,GIN,1995,31.682358
Guinea,GIN,1996,27.648026
Guinea,GIN,1997,30.584202
Guinea,GIN,1998,36.62658
Guinea,GIN,1999,37.903152
Guinea,GIN,2000,31.395054
Guinea,GIN,2001,43.291565
Guinea,GIN,2002,46.554394
Guinea,GIN,2003,40.685883
Guinea,GIN,2004,42.014538
Guinea,GIN,2005,55.47212
Guinea,GIN,2006,69.38631
Guinea,GIN,2007,71.12104
Guinea,GIN,2008,64.18426
Guinea,GIN,2009,69.81535
Guinea,GIN,2010,73.54656
Guinea,GIN,2011,85.954666
Guinea,GIN,2012,86.674324
Guinea,GIN,2013,80.426445
Guinea,GIN,2014,76.771965
Guinea,GIN,2015,72.44272
Guinea,GIN,2016,112.1392
Guinea,GIN,2017,101.25164
Guinea,GIN,2018,90.62836
Guinea,GIN,2019,79.61
Guinea-Bissau,GNB,1960,29.374588
Guinea-Bissau,GNB,1961,34.46205
Guinea-Bissau,GNB,1962,33.440487
Guinea-Bissau,GNB,1963,31.802267
Guinea-Bissau,GNB,1964,32.34164
Guinea-Bissau,GNB,1965,28.159582
Guinea-Bissau,GNB,1966,29.922459
Guinea-Bissau,GNB,1967,29.297928
Guinea-Bissau,GNB,1968,29.0878
Guinea-Bissau,GNB,1969,32.707813
Guinea-Bissau,GNB,1970,30.793339
Guinea-Bissau,GNB,1971,34.65024
Guinea-Bissau,GNB,1972,36.015347
Guinea-Bissau,GNB,1973,42.138935
Guinea-Bissau,GNB,1974,39.870968
Guinea-Bissau,GNB,1975,28.037167
Guinea-Bissau,GNB,1976,29.907549
Guinea-Bissau,GNB,1977,37.736843
Guinea-Bissau,GNB,1978,39.434536
Guinea-Bissau,GNB,1979,43.949665
Guinea-Bissau,GNB,1980,49.102764
Guinea-Bissau,GNB,1981,42.24263
Guinea-Bissau,GNB,1982,44.243027
Guinea-Bissau,GNB,1983,34.46024
Guinea-Bissau,GNB,1984,58.248486
Guinea-Bissau,GNB,1985,60.763985
Guinea-Bissau,GNB,1986,33.387264
Guinea-Bissau,GNB,1987,54.275505
Guinea-Bissau,GNB,1988,60.366737
Guinea-Bissau,GNB,1989,47.225636
Guinea-Bissau,GNB,1990,51.000015
Guinea-Bissau,GNB,1991,51.399963
Guinea-Bissau,GNB,1992,64.6499
Guinea-Bissau,GNB,1993,41.5863
Guinea-Bissau,GNB,1994,50.76378
Guinea-Bissau,GNB,1995,46.81043
Guinea-Bissau,GNB,1996,42.360176
Guinea-Bissau,GNB,1997,39.668423
Guinea-Bissau,GNB,1998,27.734009
Guinea-Bissau,GNB,1999,32.11613
Guinea-Bissau,GNB,2000,42.286034
Guinea-Bissau,GNB,2001,42.354115
Guinea-Bissau,GNB,2002,36.72328
Guinea-Bissau,GNB,2003,37.517967
Guinea-Bissau,GNB,2004,39.66291
Guinea-Bissau,GNB,2005,41.318382
Guinea-Bissau,GNB,2006,41.260616
Guinea-Bissau,GNB,2007,54.08691
Guinea-Bissau,GNB,2008,52.735947
Guinea-Bissau,GNB,2009,53.69816
Guinea-Bissau,GNB,2010,55.150234
Guinea-Bissau,GNB,2011,57.84437
Guinea-Bissau,GNB,2012,41.263374
Guinea-Bissau,GNB,2013,44.263294
Guinea-Bissau,GNB,2014,54.401535
Guinea-Bissau,GNB,2015,60.05324
Guinea-Bissau,GNB,2016,58.07419
Guinea-Bissau,GNB,2017,57.563747
Guinea-Bissau,GNB,2018,58.63016
Guinea-Bissau,GNB,2019,59.386383
Kenya,KEN,1950,41.86054
Kenya,KEN,1951,48.32991
Kenya,KEN,1952,51.48267
Kenya,KEN,1953,44.2442
Kenya,KEN,1954,41.5062
Kenya,KEN,1955,43.5309
Kenya,KEN,1956,42.807026
Kenya,KEN,1957,40.693886
Kenya,KEN,1958,37.777008
Kenya,KEN,1959,37.78793
Kenya,KEN,1960,39.38357
Kenya,KEN,1961,38.785904
Kenya,KEN,1962,37.687523
Kenya,KEN,1963,36.89491
Kenya,KEN,1964,38.165802
Kenya,KEN,1965,37.638905
Kenya,KEN,1966,39.034225
Kenya,KEN,1967,35.58642
Kenya,KEN,1968,36.287415
Kenya,KEN,1969,35.757565
Kenya,KEN,1970,37.963123
Kenya,KEN,1971,40.120922
Kenya,KEN,1972,36.63676
Kenya,KEN,1973,37.443207
Kenya,KEN,1974,49.612926
Kenya,KEN,1975,42.78299
Kenya,KEN,1976,42.69325
Kenya,KEN,1977,44.238483
Kenya,KEN,1978,44.889088
Kenya,KEN,1979,39.018433
Kenya,KEN,1980,45.620934
Kenya,KEN,1981,40.540333
Kenya,KEN,1982,35.613556
Kenya,KEN,1983,33.45503
Kenya,KEN,1984,35.677166
Kenya,KEN,1985,34.222557
Kenya,KEN,1986,34.11291
Kenya,KEN,1987,31.715849
Kenya,KEN,1988,32.55165
Kenya,KEN,1989,35.673187
Kenya,KEN,1990,38.206944
Kenya,KEN,1991,37.114117
Kenya,KEN,1992,35.795742
Kenya,KEN,1993,52.527737
Kenya,KEN,1994,47.770092
Kenya,KEN,1995,47.448673
Kenya,KEN,1996,46.11992
Kenya,KEN,1997,44.086143
Kenya,KEN,1998,40.607258
Kenya,KEN,1999,40.755676
Kenya,KEN,2000,44.915466
Kenya,KEN,2001,47.62214
Kenya,KEN,2002,45.846504
Kenya,KEN,2003,45.78955
Kenya,KEN,2004,51.4916
Kenya,KEN,2005,55.21202
Kenya,KEN,2006,55.23493
Kenya,KEN,2007,53.89289
Kenya,KEN,2008,57.575806
Kenya,KEN,2009,50.862534
Kenya,KEN,2010,54.22747
Kenya,KEN,2011,60.44867
Kenya,KEN,2012,55.2221
Kenya,KEN,2013,51.284004
Kenya,KEN,2014,51.30056
Kenya,KEN,2015,44.178593
Kenya,KEN,2016,37.70021
Kenya,KEN,2017,37.394836
Kenya,KEN,2018,36.149387
Kenya,KEN,2019,33.401443
Lesotho,LSO,1960,42.731083
Lesotho,LSO,1961,49.464817
Lesotho,LSO,1962,53.016014
Lesotho,LSO,1963,56.09545
Lesotho,LSO,1964,55.385983
Lesotho,LSO,1965,58.780224
Lesotho,LSO,1966,57.715736
Lesotho,LSO,1967,53.54202
Lesotho,LSO,1968,53.247284
Lesotho,LSO,1969,52.76522
Lesotho,LSO,1970,55.83694
Lesotho,LSO,1971,72.999504
Lesotho,LSO,1972,82.51202
Lesotho,LSO,1973,79.90807
Lesotho,LSO,1974,96.20453
Lesotho,LSO,1975,120.21779
Lesotho,LSO,1976,158.94109
Lesotho,LSO,1977,126.29492
Lesotho,LSO,1978,108.36326
Lesotho,LSO,1979,146.87187
Lesotho,LSO,1980,146.76474
Lesotho,LSO,1981,151.65126
Lesotho,LSO,1982,158.17886
Lesotho,LSO,1983,164.99277
Lesotho,LSO,1984,168.14072
Lesotho,LSO,1985,157.42963
Lesotho,LSO,1986,150.60101
Lesotho,LSO,1987,153.33885
Lesotho,LSO,1988,167.07352
Lesotho,LSO,1989,166.23053
Lesotho,LSO,1990,161.11969
Lesotho,LSO,1991,169.99435
Lesotho,LSO,1992,159.10696
Lesotho,LSO,1993,163.46945
Lesotho,LSO,1994,154.70615
Lesotho,LSO,1995,162.28848
Lesotho,LSO,1996,164.11435
Lesotho,LSO,1997,158.95752
Lesotho,LSO,1998,178.54819
Lesotho,LSO,1999,158.23286
Lesotho,LSO,2000,161.27158
Lesotho,LSO,2001,182.17715
Lesotho,LSO,2002,201.33054
Lesotho,LSO,2003,191.09195
Lesotho,LSO,2004,178.37639
Lesotho,LSO,2005,162.4796
Lesotho,LSO,2006,165.53876
Lesotho,LSO,2007,163.04666
Lesotho,LSO,2008,159.25719
Lesotho,LSO,2009,156.6963
Lesotho,LSO,2010,147.80272
Lesotho,LSO,2011,147.34453
Lesotho,LSO,2012,147.32568
Lesotho,LSO,2013,130.37186
Lesotho,LSO,2014,123.32423
Lesotho,LSO,2015,129.03465
Lesotho,LSO,2016,133.10596
Lesotho,LSO,2017,135.398
Lesotho,LSO,2018,142.68022
Lesotho,LSO,2019,134.28577
Liberia,LBR,1964,94.081345
Liberia,LBR,1965,90.1866
Liberia,LBR,1966,96.580925
Liberia,LBR,1967,100.819435
Liberia,LBR,1968,96.44079
Liberia,LBR,1969,98.371666
Liberia,LBR,1970,101.10347
Liberia,LBR,1971,102.139534
Liberia,LBR,1972,102.91846
Liberia,LBR,1973,137.67487
Liberia,LBR,1974,145.76105
Liberia,LBR,1975,127.230965
Liberia,LBR,1976,144.57812
Liberia,LBR,1977,138.89833
Liberia,LBR,1978,135.53058
Liberia,LBR,1979,128.01526
Liberia,LBR,1980,133.91884
Liberia,LBR,1981,104.4864
Liberia,LBR,1982,90.46922
Liberia,LBR,1983,86.83677
Liberia,LBR,1984,84.14315
Liberia,LBR,1985,75.14451
Liberia,LBR,1986,75.645966
Liberia,LBR,1987,72.96925
Liberia,LBR,1988,66.8048
Liberia,LBR,1989,66.73928
Liberia,LBR,1990,62.05001
Liberia,LBR,1991,31.544737
Liberia,LBR,1992,61.887997
Liberia,LBR,1993,64.72667
Liberia,LBR,1994,64.72667
Liberia,LBR,1995,64.72728
Liberia,LBR,1996,79.87402
Liberia,LBR,1997,79.87451
Liberia,LBR,1998,79.87244
Liberia,LBR,1999,79.87155
Liberia,LBR,2000,70.312775
Liberia,LBR,2001,65.39119
Liberia,LBR,2002,73.13582
Liberia,LBR,2003,71.92155
Liberia,LBR,2004,290.49927
Liberia,LBR,2005,270.36365
Liberia,LBR,2006,277.13904
Liberia,LBR,2007,74.49947
Liberia,LBR,2008,87.46594
Liberia,LBR,2009,62.94372
Liberia,LBR,2010,68.80805
Liberia,LBR,2011,89.07672
Liberia,LBR,2012,89.15802
Liberia,LBR,2013,88.016525
Liberia,LBR,2014,78.86021
Liberia,LBR,2015,85.35032
Liberia,LBR,2016,84.0769
Liberia,LBR,2017,82.73616
Liberia,LBR,2018,82.445435
Liberia,LBR,2019,88.09579
Madagascar,MDG,1960,26.588177
Madagascar,MDG,1961,34.579773
Madagascar,MDG,1962,32.41761
Madagascar,MDG,1963,32.45868
Madagascar,MDG,1964,33.05014
Madagascar,MDG,1965,33.205696
Madagascar,MDG,1966,40.1458
Madagascar,MDG,1967,38.68398
Madagascar,MDG,1968,39.69086
Madagascar,MDG,1969,40.29393
Madagascar,MDG,1970,40.794178
Madagascar,MDG,1971,42.56919
Madagascar,MDG,1972,38.030098
Madagascar,MDG,1973,34.03441
Madagascar,MDG,1974,35.29156
Madagascar,MDG,1975,36.25447
Madagascar,MDG,1976,32.64852
Madagascar,MDG,1977,37.853527
Madagascar,MDG,1978,38.623245
Madagascar,MDG,1979,40.963642
Madagascar,MDG,1980,37.17623
Madagascar,MDG,1981,29.652702
Madagascar,MDG,1982,28.514263
Madagascar,MDG,1983,24.83963
Madagascar,MDG,1984,30.692106
Madagascar,MDG,1985,31.118319
Madagascar,MDG,1986,22.115038
Madagascar,MDG,1987,31.03092
Madagascar,MDG,1988,31.186346
Madagascar,MDG,1989,32.986908
Madagascar,MDG,1990,34.89914
Madagascar,MDG,1991,35.75693
Madagascar,MDG,1992,33.45052
Madagascar,MDG,1993,32.43432
Madagascar,MDG,1994,42.313282
Madagascar,MDG,1995,45.818893
Madagascar,MDG,1996,38.21579
Madagascar,MDG,1997,42.58399
Madagascar,MDG,1998,41.808483
Madagascar,MDG,1999,47.377792
Madagascar,MDG,2000,57.36891
Madagascar,MDG,2001,53.4507
Madagascar,MDG,2002,33.284954
Madagascar,MDG,2003,46.204777
Madagascar,MDG,2004,71.64894
Madagascar,MDG,2005,59.90814
Madagascar,MDG,2006,61.093693
Madagascar,MDG,2007,66.702736
Madagascar,MDG,2008,74.35735
Madagascar,MDG,2009,62.411697
Madagascar,MDG,2010,57.874893
Madagascar,MDG,2011,56.48309
Madagascar,MDG,2012,52.651714
Madagascar,MDG,2013,56.36758
Madagascar,MDG,2014,61.96943
Madagascar,MDG,2015,61.22038
Madagascar,MDG,2016,60.8347
Madagascar,MDG,2017,65.3434
Madagascar,MDG,2018,67.8415
Madagascar,MDG,2019,62.601322
Malawi,MWI,1954,29.156898
Malawi,MWI,1955,29.163065
Malawi,MWI,1956,32.545586
Malawi,MWI,1957,32.470047
Malawi,MWI,1958,28.981623
Malawi,MWI,1959,27.969849
Malawi,MWI,1960,35.495644
Malawi,MWI,1961,33.041027
Malawi,MWI,1962,33.760674
Malawi,MWI,1963,35.154583
Malawi,MWI,1964,28.730541
Malawi,MWI,1965,30.457596
Malawi,MWI,1966,33.37945
Malawi,MWI,1967,34.38833
Malawi,MWI,1968,36.073906
Malawi,MWI,1969,35.592808
Malawi,MWI,1970,34.71416
Malawi,MWI,1971,32.17897
Malawi,MWI,1972,33.070667
Malawi,MWI,1973,39.900047
Malawi,MWI,1974,40.983765
Malawi,MWI,1975,45.960117
Malawi,MWI,1976,42.379612
Malawi,MWI,1977,39.477535
Malawi,MWI,1978,39.43614
Malawi,MWI,1979,40.800125
Malawi,MWI,1980,38.98666
Malawi,MWI,1981,34.908566
Malawi,MWI,1982,31.66432
Malawi,MWI,1983,30.11364
Malawi,MWI,1984,33.784565
Malawi,MWI,1985,33.161407
Malawi,MWI,1986,29.476742
Malawi,MWI,1987,31.327242
Malawi,MWI,1988,35.077415
Malawi,MWI,1989,30.732185
Malawi,MWI,1990,37.647892
Malawi,MWI,1991,38.761395
Malawi,MWI,1992,39.212463
Malawi,MWI,1993,28.691101
Malawi,MWI,1994,44.32488
Malawi,MWI,1995,42.97845
Malawi,MWI,1996,26.094336
Malawi,MWI,1997,34.155655
Malawi,MWI,1998,42.513943
Malawi,MWI,1999,43.674236
Malawi,MWI,2000,36.950905
Malawi,MWI,2001,39.120636
Malawi,MWI,2002,40.346043
Malawi,MWI,2003,49.876984
Malawi,MWI,2004,50.284447
Malawi,MWI,2005,56.166447
Malawi,MWI,2006,53.49992
Malawi,MWI,2007,54.283447
Malawi,MWI,2008,63.50356
Malawi,MWI,2009,61.63967
Malawi,MWI,2010,55.304764
Malawi,MWI,2011,55.760635
Malawi,MWI,2012,69.028564
Malawi,MWI,2013,82.86727
Malawi,MWI,2014,78.5061
Malawi,MWI,2015,63.355244
Malawi,MWI,2016,67.16168
Malawi,MWI,2017,59.025467
Malawi,MWI,2018,55.948997
Malawi,MWI,2019,50.69503
Mali,MLI,1960,42.612972
Mali,MLI,1961,42.970715
Mali,MLI,1962,41.280514
Mali,MLI,1963,37.818016
Mali,MLI,1964,41.907837
Mali,MLI,1965,35.43894
Mali,MLI,1966,35.98865
Mali,MLI,1967,42.489075
Mali,MLI,1968,34.442093
Mali,MLI,1969,36.660805
Mali,MLI,1970,37.475945
Mali,MLI,1971,40.83832
Mali,MLI,1972,45.883774
Mali,MLI,1973,54.545456
Mali,MLI,1974,87.20271
Mali,MLI,1975,61.56832
Mali,MLI,1976,50.032658
Mali,MLI,1977,49.158062
Mali,MLI,1978,49.455677
Mali,MLI,1979,49.03309
Mali,MLI,1980,52.49084
Mali,MLI,1981,36.269012
Mali,MLI,1982,37.307022
Mali,MLI,1983,45.054253
Mali,MLI,1984,49.597992
Mali,MLI,1985,45.29244
Mali,MLI,1986,36.88033
Mali,MLI,1987,33.081795
Mali,MLI,1988,40.068653
Mali,MLI,1989,37.55326
Mali,MLI,1990,39.833935
Mali,MLI,1991,40.771305
Mali,MLI,1992,45.393784
Mali,MLI,1993,41.110264
Mali,MLI,1994,47.43849
Mali,MLI,1995,56.500782
Mali,MLI,1996,47.756165
Mali,MLI,1997,53.259533
Mali,MLI,1998,46.947426
Mali,MLI,1999,50.02644
Mali,MLI,2000,55.422573
Mali,MLI,2001,60.200806
Mali,MLI,2002,57.829292
Mali,MLI,2003,58.628143
Mali,MLI,2004,55.31162
Mali,MLI,2005,54.125328
Mali,MLI,2006,60.976673
Mali,MLI,2007,56.649746
Mali,MLI,2008,63.787956
Mali,MLI,2009,50.56843
Mali,MLI,2010,57.9853
Mali,MLI,2011,53.91356
Mali,MLI,2012,59.120594
Mali,MLI,2013,57.970684
Mali,MLI,2014,60.459362
Mali,MLI,2015,63.63963
Mali,MLI,2016,63.687527
Mali,MLI,2017,58.068447
Mali,MLI,2018,60.144783
Mali,MLI,2019,57.443184
Mauritius,MUS,1950,75.975204
Mauritius,MUS,1951,78.798965
Mauritius,MUS,1952,77.31487
Mauritius,MUS,1953,83.372345
Mauritius,MUS,1954,75.13511
Mauritius,MUS,1955,87.544
Mauritius,MUS,1956,74.350525
Mauritius,MUS,1957,76.921394
Mauritius,MUS,1958,86.7668
Mauritius,MUS,1959,84.40251
Mauritius,MUS,1960,79.76067
Mauritius,MUS,1961,83.57581
Mauritius,MUS,1962,80.59494
Mauritius,MUS,1963,80.454285
Mauritius,MUS,1964,90.59326
Mauritius,MUS,1965,82.297
Mauritius,MUS,1966,81.3405
Mauritius,MUS,1967,77.027115
Mauritius,MUS,1968,89.92778
Mauritius,MUS,1969,81.75182
Mauritius,MUS,1970,93.184135
Mauritius,MUS,1971,88.700485
Mauritius,MUS,1972,97.3584
Mauritius,MUS,1973,104.3588
Mauritius,MUS,1974,119.00946
Mauritius,MUS,1975,125.07744
Mauritius,MUS,1976,103.03402
Mauritius,MUS,1977,102.8645
Mauritius,MUS,1978,93.86328
Mauritius,MUS,1979,92.25724
Mauritius,MUS,1980,106.99066
Mauritius,MUS,1981,94.8646
Mauritius,MUS,1982,92.3113
Mauritius,MUS,1983,89.01003
Mauritius,MUS,1984,95.69711
Mauritius,MUS,1985,103.550995
Mauritius,MUS,1986,108.70396
Mauritius,MUS,1987,124.10072
Mauritius,MUS,1988,131.78836
Mauritius,MUS,1989,133.03313
Mauritius,MUS,1990,135.68286
Mauritius,MUS,1991,127.35475
Mauritius,MUS,1992,117.08833
Mauritius,MUS,1993,117.799286
Mauritius,MUS,1994,117.29482
Mauritius,MUS,1995,115.16205
Mauritius,MUS,1996,123.039604
Mauritius,MUS,1997,122.976494
Mauritius,MUS,1998,127.21555
Mauritius,MUS,1999,126.39376
Mauritius,MUS,2000,118.29154
Mauritius,MUS,2001,125.51075
Mauritius,MUS,2002,115.88254
Mauritius,MUS,2003,106.49775
Mauritius,MUS,2004,104.902306
Mauritius,MUS,2005,119.19403
Mauritius,MUS,2006,127.06286
Mauritius,MUS,2007,120.87646
Mauritius,MUS,2008,115.48932
Mauritius,MUS,2009,104.42973
Mauritius,MUS,2010,113.45707
Mauritius,MUS,2011,117.53894
Mauritius,MUS,2012,119.50012
Mauritius,MUS,2013,109.969734
Mauritius,MUS,2014,113.2928
Mauritius,MUS,2015,107.63687
Mauritius,MUS,2016,97.98558
Mauritius,MUS,2017,97.36549
Mauritius,MUS,2018,95.11128
Mauritius,MUS,2019,92.80898
Mozambique,MOZ,1960,15.109937
Mozambique,MOZ,1961,15.158948
Mozambique,MOZ,1962,13.596937
Mozambique,MOZ,1963,15.5850115
Mozambique,MOZ,1964,15.163972
Mozambique,MOZ,1965,15.716354
Mozambique,MOZ,1966,17.201094
Mozambique,MOZ,1967,14.839406
Mozambique,MOZ,1968,16.5627
Mozambique,MOZ,1969,15.734184
Mozambique,MOZ,1970,21.198982
Mozambique,MOZ,1971,21.197487
Mozambique,MOZ,1972,21.192768
Mozambique,MOZ,1973,21.206692
Mozambique,MOZ,1974,21.192993
Mozambique,MOZ,1975,21.178617
Mozambique,MOZ,1976,21.248468
Mozambique,MOZ,1977,21.151901
Mozambique,MOZ,1978,21.13548
Mozambique,MOZ,1979,21.458029
Mozambique,MOZ,1980,20.862194
Mozambique,MOZ,1981,21.086216
Mozambique,MOZ,1982,22.42567
Mozambique,MOZ,1983,19.074688
Mozambique,MOZ,1984,21.758293
Mozambique,MOZ,1985,26.44403
Mozambique,MOZ,1986,9.021737
Mozambique,MOZ,1987,29.809114
Mozambique,MOZ,1988,40.50124
Mozambique,MOZ,1989,40.22832
Mozambique,MOZ,1990,40.004807
Mozambique,MOZ,1991,47.374866
Mozambique,MOZ,1992,56.74272
Mozambique,MOZ,1993,52.859898
Mozambique,MOZ,1994,56.7213
Mozambique,MOZ,1995,61.647945
Mozambique,MOZ,1996,48.540356
Mozambique,MOZ,1997,41.465294
Mozambique,MOZ,1998,37.74057
Mozambique,MOZ,1999,43.70212
Mozambique,MOZ,2000,46.10321
Mozambique,MOZ,2001,48.574963
Mozambique,MOZ,2002,70.671455
Mozambique,MOZ,2003,67.45263
Mozambique,MOZ,2004,68.64674
Mozambique,MOZ,2005,68.60272
Mozambique,MOZ,2006,64.09238
Mozambique,MOZ,2007,63.037144
Mozambique,MOZ,2008,62.33313
Mozambique,MOZ,2009,64.80519
Mozambique,MOZ,2010,70.6407
Mozambique,MOZ,2011,80.23035
Mozambique,MOZ,2012,101.871635
Mozambique,MOZ,2013,103.1505
Mozambique,MOZ,2014,111.465164
Mozambique,MOZ,2015,93.908714
Mozambique,MOZ,2016,105.63848
Mozambique,MOZ,2017,99.71881
Mozambique,MOZ,2018,127.204155
Mozambique,MOZ,2019,116.54716
Namibia,NAM,1960,119.668045
Namibia,NAM,1961,125.18001
Namibia,NAM,1962,124.668945
Namibia,NAM,1963,131.34534
Namibia,NAM,1964,130.9165
Namibia,NAM,1965,143.92545
Namibia,NAM,1966,142.77756
Namibia,NAM,1967,143.02895
Namibia,NAM,1968,140.94049
Namibia,NAM,1969,134.72058
Namibia,NAM,1970,123.67287
Namibia,NAM,1971,123.68724
Namibia,NAM,1972,123.72517
Namibia,NAM,1973,123.6062
Namibia,NAM,1974,123.73034
Namibia,NAM,1975,123.83891
Namibia,NAM,1976,123.24937
Namibia,NAM,1977,124.10276
Namibia,NAM,1978,124.16467
Namibia,NAM,1979,121.48063
Namibia,NAM,1980,126.663
Namibia,NAM,1981,124.350334
Namibia,NAM,1982,113.428535
Namibia,NAM,1983,97.8438
Namibia,NAM,1984,97.07354
Namibia,NAM,1985,91.86351
Namibia,NAM,1986,102.87679
Namibia,NAM,1987,98.005424
Namibia,NAM,1988,91.145
Namibia,NAM,1989,96.516975
Namibia,NAM,1990,93.89993
Namibia,NAM,1991,93.99756
Namibia,NAM,1992,92.10251
Namibia,NAM,1993,97.07355
Namibia,NAM,1994,90.228386
Namibia,NAM,1995,94.41564
Namibia,NAM,1996,97.61769
Namibia,NAM,1997,94.02477
Namibia,NAM,1998,93.251785
Namibia,NAM,1999,92.2831
Namibia,NAM,2000,87.09189
Namibia,NAM,2001,90.64504
Namibia,NAM,2002,96.53415
Namibia,NAM,2003,98.235176
Namibia,NAM,2004,83.488754
Namibia,NAM,2005,82.34908
Namibia,NAM,2006,88.624245
Namibia,NAM,2007,106.29985
Namibia,NAM,2008,121.207306
Namibia,NAM,2009,125.35896
Namibia,NAM,2010,109.63722
Namibia,NAM,2011,103.6785
Namibia,NAM,2012,100.21434
Namibia,NAM,2013,97.94031
Namibia,NAM,2014,103.726425
Namibia,NAM,2015,97.55659
Namibia,NAM,2016,94.873886
Namibia,NAM,2017,82.19753
Namibia,NAM,2018,82.749084
Namibia,NAM,2019,83.47556
Niger,NER,1960,13.648234
Niger,NER,1961,16.589302
Niger,NER,1962,20.726513
Niger,NER,1963,18.376654
Niger,NER,1964,21.842983
Niger,NER,1965,22.052053
Niger,NER,1966,26.725552
Niger,NER,1967,21.30607
Niger,NER,1968,20.753752
Niger,NER,1969,24.038128
Niger,NER,1970,26.819185
Niger,NER,1971,26.175741
Niger,NER,1972,27.645472
Niger,NER,1973,37.168743
Niger,NER,1974,36.278347
Niger,NER,1975,37.468544
Niger,NER,1976,35.599995
Niger,NER,1977,34.793453
Niger,NER,1978,39.04131
Niger,NER,1979,43.698902
Niger,NER,1980,43.732323
Niger,NER,1981,39.656982
Niger,NER,1982,39.229053
Niger,NER,1983,33.313473
Niger,NER,1984,34.343315
Niger,NER,1985,36.782055
Niger,NER,1986,35.196354
Niger,NER,1987,39.38006
Niger,NER,1988,36.33521
Niger,NER,1989,35.70838
Niger,NER,1990,36.299942
Niger,NER,1991,30.436443
Niger,NER,1992,28.588644
Niger,NER,1993,25.53178
Niger,NER,1994,33.74263
Niger,NER,1995,34.303265
Niger,NER,1996,35.17624
Niger,NER,1997,33.002537
Niger,NER,1998,35.168655
Niger,NER,1999,30.74272
Niger,NER,2000,34.383045
Niger,NER,2001,32.847225
Niger,NER,2002,30.407513
Niger,NER,2003,32.683098
Niger,NER,2004,36.589954
Niger,NER,2005,38.090645
Niger,NER,2006,36.365353
Niger,NER,2007,36.21594
Niger,NER,2008,40.714546
Niger,NER,2009,51.132687
Niger,NER,2010,54.285137
Niger,NER,2011,52.28734
Niger,NER,2012,46.722553
Niger,NER,2013,47.115948
Niger,NER,2014,45.99282
Niger,NER,2015,44.80708
Niger,NER,2016,37.41749
Niger,NER,2017,39.125034
Niger,NER,2018,37.83795
Niger,NER,2019,39.71295
Nigeria,NGA,1950,13.487619
Nigeria,NGA,1951,16.182467
Nigeria,NGA,1952,16.06073
Nigeria,NGA,1953,15.011976
Nigeria,NGA,1954,15.215132
Nigeria,NGA,1955,13.325791
Nigeria,NGA,1956,13.695685
Nigeria,NGA,1957,12.635066
Nigeria,NGA,1958,13.388139
Nigeria,NGA,1959,13.98077
Nigeria,NGA,1960,14.020278
Nigeria,NGA,1961,13.590644
Nigeria,NGA,1962,11.955277
Nigeria,NGA,1963,12.214769
Nigeria,NGA,1964,12.951918
Nigeria,NGA,1965,13.871696
Nigeria,NGA,1966,13.263411
Nigeria,NGA,1967,14.78422
Nigeria,NGA,1968,13.39062
Nigeria,NGA,1969,13.850288
Nigeria,NGA,1970,10.24021
Nigeria,NGA,1971,9.637794
Nigeria,NGA,1972,9.485529
Nigeria,NGA,1973,11.597304
Nigeria,NGA,1974,15.399745
Nigeria,NGA,1975,15.541856
Nigeria,NGA,1976,15.422223
Nigeria,NGA,1977,16.504236
Nigeria,NGA,1978,15.863154
Nigeria,NGA,1979,15.398131
Nigeria,NGA,1980,17.443096
Nigeria,NGA,1981,18.171726
Nigeria,NGA,1982,13.779833
Nigeria,NGA,1983,10.044968
Nigeria,NGA,1984,9.380541
Nigeria,NGA,1985,10.391978
Nigeria,NGA,1986,9.135846
Nigeria,NGA,1987,19.495335
Nigeria,NGA,1988,16.94061
Nigeria,NGA,1989,34.182613
Nigeria,NGA,1990,30.92474
Nigeria,NGA,1991,37.021603
Nigeria,NGA,1992,38.227386
Nigeria,NGA,1993,33.719753
Nigeria,NGA,1994,23.059237
Nigeria,NGA,1995,39.528378
Nigeria,NGA,1996,40.25773
Nigeria,NGA,1997,51.46101
Nigeria,NGA,1998,39.278606
Nigeria,NGA,1999,34.45783
Nigeria,NGA,2000,48.995598
Nigeria,NGA,2001,49.6805
Nigeria,NGA,2002,40.03517
Nigeria,NGA,2003,49.33496
Nigeria,NGA,2004,31.895872
Nigeria,NGA,2005,33.05946
Nigeria,NGA,2006,42.566566
Nigeria,NGA,2007,39.336933
Nigeria,NGA,2008,40.796833
Nigeria,NGA,2009,36.05871
Nigeria,NGA,2010,43.32076
Nigeria,NGA,2011,53.277958
Nigeria,NGA,2012,44.532368
Nigeria,NGA,2013,31.04886
Nigeria,NGA,2014,30.885197
Nigeria,NGA,2015,21.44693
Nigeria,NGA,2016,20.722525
Nigeria,NGA,2017,26.3459
Nigeria,NGA,2018,33.00126
Nigeria,NGA,2019,34.023876
Rwanda,RWA,1960,18.3633
Rwanda,RWA,1961,17.311762
Rwanda,RWA,1962,17.5347
Rwanda,RWA,1963,14.607479
Rwanda,RWA,1964,19.702406
Rwanda,RWA,1965,22.809813
Rwanda,RWA,1966,24.31398
Rwanda,RWA,1967,20.55029
Rwanda,RWA,1968,18.773287
Rwanda,RWA,1969,17.402924
Rwanda,RWA,1970,21.28592
Rwanda,RWA,1971,17.616234
Rwanda,RWA,1972,17.38046
Rwanda,RWA,1973,16.201767
Rwanda,RWA,1974,17.103271
Rwanda,RWA,1975,20.702415
Rwanda,RWA,1976,26.163116
Rwanda,RWA,1977,24.58491
Rwanda,RWA,1978,29.717615
Rwanda,RWA,1979,33.718742
Rwanda,RWA,1980,31.445793
Rwanda,RWA,1981,24.334045
Rwanda,RWA,1982,27.511055
Rwanda,RWA,1983,24.91661
Rwanda,RWA,1984,24.877254
Rwanda,RWA,1985,23.626095
Rwanda,RWA,1986,25.420013
Rwanda,RWA,1987,21.271599
Rwanda,RWA,1988,21.05451
Rwanda,RWA,1989,19.369497
Rwanda,RWA,1990,20.774218
Rwanda,RWA,1991,26.905787
Rwanda,RWA,1992,25.370766
Rwanda,RWA,1993,27.49298
Rwanda,RWA,1994,73.93552
Rwanda,RWA,1995,36.72226
Rwanda,RWA,1996,33.157604
Rwanda,RWA,1997,32.734566
Rwanda,RWA,1998,25.461647
Rwanda,RWA,1999,27.36111
Rwanda,RWA,2000,27.543427
Rwanda,RWA,2001,29.276693
Rwanda,RWA,2002,27.593582
Rwanda,RWA,2003,29.304346
Rwanda,RWA,2004,33.527695
Rwanda,RWA,2005,34.22983
Rwanda,RWA,2006,33.151283
Rwanda,RWA,2007,35.98383
Rwanda,RWA,2008,37.53531
Rwanda,RWA,2009,36.81762
Rwanda,RWA,2010,37.24447
Rwanda,RWA,2011,39.559643
Rwanda,RWA,2012,40.378483
Rwanda,RWA,2013,42.52373
Rwanda,RWA,2014,43.74889
Rwanda,RWA,2015,45.07477
Rwanda,RWA,2016,49.510735
Rwanda,RWA,2017,53.678192
Rwanda,RWA,2018,55.82068
Rwanda,RWA,2019,57.951252
Sao Tome and Principe,STP,1970,38.933365
Sao Tome and Principe,STP,1971,34.002644
Sao Tome and Principe,STP,1972,32.23488
Sao Tome and Principe,STP,1973,37.63626
Sao Tome and Principe,STP,1974,45.85465
Sao Tome and Principe,STP,1975,33.111732
Sao Tome and Principe,STP,1976,41.06663
Sao Tome and Principe,STP,1977,56.931282
Sao Tome and Principe,STP,1978,68.2478
Sao Tome and Principe,STP,1979,81.38985
Sao Tome and Principe,STP,1980,73.1544
Sao Tome and Principe,STP,1981,73.15434
Sao Tome and Principe,STP,1982,73.50561
Sao Tome and Principe,STP,1983,71.38828
Sao Tome and Principe,STP,1984,79.98927
Sao Tome and Principe,STP,1985,67.89834
Sao Tome and Principe,STP,1986,70.338974
Sao Tome and Principe,STP,1987,63.681763
Sao Tome and Principe,STP,1988,85.57214
Sao Tome and Principe,STP,1989,113.37575
Sao Tome and Principe,STP,1990,86.94403
Sao Tome and Principe,STP,1991,96.503044
Sao Tome and Principe,STP,1992,111.707306
Sao Tome and Principe,STP,1993,111.035645
Sao Tome and Principe,STP,1994,106.45764
Sao Tome and Principe,STP,1995,120.71001
Sao Tome and Principe,STP,1996,117.32478
Sao Tome and Principe,STP,1997,122.27603
Sao Tome and Principe,STP,1998,102.13717
Sao Tome and Principe,STP,1999,119.74877
Sao Tome and Principe,STP,2000,130.11165
Sao Tome and Principe,STP,2001,65.57511
Sao Tome and Principe,STP,2002,65.24065
Sao Tome and Principe,STP,2003,62.18209
Sao Tome and Principe,STP,2004,62.227585
Sao Tome and Principe,STP,2005,55.74056
Sao Tome and Principe,STP,2006,68.889244
Sao Tome and Principe,STP,2007,67.43422
Sao Tome and Principe,STP,2008,73.31791
Sao Tome and Principe,STP,2009,67.46924
Sao Tome and Principe,STP,2010,75.79407
Sao Tome and Principe,STP,2011,78.04283
Sao Tome and Principe,STP,2012,69.84852
Sao Tome and Principe,STP,2013,64.95011
Sao Tome and Principe,STP,2014,63.93635
Sao Tome and Principe,STP,2015,67.18201
Sao Tome and Principe,STP,2016,80.071495
Sao Tome and Principe,STP,2017,76.04095
Sao Tome and Principe,STP,2018,72.05433
Sao Tome and Principe,STP,2019,68.06802
Senegal,SEN,1960,20.484531
Senegal,SEN,1961,26.19619
Senegal,SEN,1962,25.000694
Senegal,SEN,1963,23.110634
Senegal,SEN,1964,23.195023
Senegal,SEN,1965,22.576897
Senegal,SEN,1966,24.04333
Senegal,SEN,1967,23.603327
Senegal,SEN,1968,28.6527
Senegal,SEN,1969,31.62037
Senegal,SEN,1970,33.021603
Senegal,SEN,1971,33.81636
Senegal,SEN,1972,36.54818
Senegal,SEN,1973,37.45629
Senegal,SEN,1974,51.50406
Senegal,SEN,1975,43.9565
Senegal,SEN,1976,45.175667
Senegal,SEN,1977,53.460457
Senegal,SEN,1978,41.325954
Senegal,SEN,1979,46.466602
Senegal,SEN,1980,45.967083
Senegal,SEN,1981,54.577297
Senegal,SEN,1982,52.869713
Senegal,SEN,1983,51.161148
Senegal,SEN,1984,55.980484
Senegal,SEN,1985,46.249916
Senegal,SEN,1986,38.37206
Senegal,SEN,1987,36.3773
Senegal,SEN,1988,34.013844
Senegal,SEN,1989,38.586277
Senegal,SEN,1990,36.61552
Senegal,SEN,1991,35.863003
Senegal,SEN,1992,33.28741
Senegal,SEN,1993,33.01401
Senegal,SEN,1994,43.458267
Senegal,SEN,1995,47.454113
Senegal,SEN,1996,46.2959
Senegal,SEN,1997,47.162594
Senegal,SEN,1998,48.008686
Senegal,SEN,1999,46.80493
Senegal,SEN,2000,50.47593
Senegal,SEN,2001,51.520805
Senegal,SEN,2002,52.31433
Senegal,SEN,2003,50.640625
Senegal,SEN,2004,51.845024
Senegal,SEN,2005,53.804577
Senegal,SEN,2006,53.254337
Senegal,SEN,2007,56.79495
Senegal,SEN,2008,60.87652
Senegal,SEN,2009,50.88663
Senegal,SEN,2010,50.480152
Senegal,SEN,2011,55.03053
Senegal,SEN,2012,59.51761
Senegal,SEN,2013,60.06241
Senegal,SEN,2014,58.44252
Senegal,SEN,2015,58.11034
Senegal,SEN,2016,54.108166
Senegal,SEN,2017,57.705276
Senegal,SEN,2018,60.51567
Senegal,SEN,2019,63.2846
Seychelles,SYC,1960,108.44122
Seychelles,SYC,1961,111.43981
Seychelles,SYC,1962,107.482574
Seychelles,SYC,1963,98.72048
Seychelles,SYC,1964,102.270004
Seychelles,SYC,1965,121.610176
Seychelles,SYC,1966,118.292854
Seychelles,SYC,1967,127.25736
Seychelles,SYC,1968,125.83151
Seychelles,SYC,1969,154.2015
Seychelles,SYC,1970,163.58798
Seychelles,SYC,1971,163.45245
Seychelles,SYC,1972,163.50043
Seychelles,SYC,1973,163.81104
Seychelles,SYC,1974,163.04591
Seychelles,SYC,1975,163.64433
Seychelles,SYC,1976,164.74289
Seychelles,SYC,1977,160.7505
Seychelles,SYC,1978,165.43958
Seychelles,SYC,1979,150.49615
Seychelles,SYC,1980,121.54157
Seychelles,SYC,1981,114.54188
Seychelles,SYC,1982,112.77589
Seychelles,SYC,1983,105.97331
Seychelles,SYC,1984,111.79665
Seychelles,SYC,1985,111.951195
Seychelles,SYC,1986,94.31009
Seychelles,SYC,1987,88.86739
Seychelles,SYC,1988,108.80947
Seychelles,SYC,1989,129.67053
Seychelles,SYC,1990,129.23592
Seychelles,SYC,1991,120.56461
Seychelles,SYC,1992,115.65441
Seychelles,SYC,1993,119.971214
Seychelles,SYC,1994,108.74369
Seychelles,SYC,1995,142.11316
Seychelles,SYC,1996,162.13702
Seychelles,SYC,1997,143.61012
Seychelles,SYC,1998,137.60316
Seychelles,SYC,1999,152.28351
Seychelles,SYC,2000,159.95793
Seychelles,SYC,2001,185.58293
Seychelles,SYC,2002,164.41647
Seychelles,SYC,2003,171.82996
Seychelles,SYC,2004,154.34439
Seychelles,SYC,2005,178.29639
Seychelles,SYC,2006,184.89362
Seychelles,SYC,2007,175.69832
Seychelles,SYC,2008,207.28267
Seychelles,SYC,2009,217.2914
Seychelles,SYC,2010,194.94594
Seychelles,SYC,2011,208.1232
Seychelles,SYC,2012,198.84467
Seychelles,SYC,2013,170.87639
Seychelles,SYC,2014,183.49692
Seychelles,SYC,2015,165.39362
Seychelles,SYC,2016,173.54156
Seychelles,SYC,2017,189.34851
Seychelles,SYC,2018,182.35452
Seychelles,SYC,2019,205.53384
Sierra Leone,SLE,1961,77.48727
Sierra Leone,SLE,1962,79.96981
Sierra Leone,SLE,1963,64.1057
Sierra Leone,SLE,1964,60.689926
Sierra Leone,SLE,1965,60.686123
Sierra Leone,SLE,1966,59.585167
Sierra Leone,SLE,1967,54.221962
Sierra Leone,SLE,1968,70.4437
Sierra Leone,SLE,1969,72.0982
Sierra Leone,SLE,1970,64.61255
Sierra Leone,SLE,1971,61.560284
Sierra Leone,SLE,1972,58.477974
Sierra Leone,SLE,1973,57.979332
Sierra Leone,SLE,1974,61.37012
Sierra Leone,SLE,1975,59.056442
Sierra Leone,SLE,1976,51.767307
Sierra Leone,SLE,1977,50.752823
Sierra Leone,SLE,1978,52.79404
Sierra Leone,SLE,1979,57.528603
Sierra Leone,SLE,1980,61.968952
Sierra Leone,SLE,1981,51.087334
Sierra Leone,SLE,1982,37.058315
Sierra Leone,SLE,1983,27.138514
Sierra Leone,SLE,1984,21.224216
Sierra Leone,SLE,1985,22.582748
Sierra Leone,SLE,1986,24.5383
Sierra Leone,SLE,1987,28.187202
Sierra Leone,SLE,1988,34.310596
Sierra Leone,SLE,1989,42.031326
Sierra Leone,SLE,1990,46.215927
Sierra Leone,SLE,1991,46.35212
Sierra Leone,SLE,1992,45.83153
Sierra Leone,SLE,1993,43.320255
Sierra Leone,SLE,1994,55.16027
Sierra Leone,SLE,1995,45.10135
Sierra Leone,SLE,1996,53.303783
Sierra Leone,SLE,1997,29.094433
Sierra Leone,SLE,1998,35.24642
Sierra Leone,SLE,1999,40.54031
Sierra Leone,SLE,2000,57.360764
Sierra Leone,SLE,2001,35.424397
Sierra Leone,SLE,2002,38.385773
Sierra Leone,SLE,2003,45.906002
Sierra Leone,SLE,2004,45.588066
Sierra Leone,SLE,2005,46.87284
Sierra Leone,SLE,2006,41.912792
Sierra Leone,SLE,2007,40.295383
Sierra Leone,SLE,2008,39.213474
Sierra Leone,SLE,2009,41.436523
Sierra Leone,SLE,2010,51.27755
Sierra Leone,SLE,2011,80.71694
Sierra Leone,SLE,2012,93.274124
Sierra Leone,SLE,2013,87.452805
Sierra Leone,SLE,2014,83.18542
Sierra Leone,SLE,2015,66.27855
Sierra Leone,SLE,2016,75.5523
Sierra Leone,SLE,2017,74.0853
Sierra Leone,SLE,2018,56.69583
Sierra Leone,SLE,2019,53.517807
Somalia,SOM,1970,28.431372
Somalia,SOM,1971,34.357174
Somalia,SOM,1972,36.666668
Somalia,SOM,1973,46.40943
Somalia,SOM,1974,50.933735
Somalia,SOM,1975,46.719814
Somalia,SOM,1976,40.866814
Somalia,SOM,1977,30.813953
Somalia,SOM,1978,30.018347
Somalia,SOM,1979,36.015583
Somalia,SOM,1980,21.861485
Somalia,SOM,1981,15.197678
Somalia,SOM,1982,22.146269
Somalia,SOM,1983,24.32463
Somalia,SOM,1984,15.083611
Somalia,SOM,1985,21.206324
Somalia,SOM,1986,28.13834
Somalia,SOM,1987,33.09219
Somalia,SOM,1988,20.639124
Somalia,SOM,1989,11.893656
Somalia,SOM,1990,6.5981135
Somalia,SOM,1991,4.051162
Somalia,SOM,1992,4.0512094
Somalia,SOM,1993,2.6309345
Somalia,SOM,1994,2.033153
Somalia,SOM,1995,2.0330467
Somalia,SOM,1996,2.032628
Somalia,SOM,1997,2.0326192
Somalia,SOM,1998,1.9828657
Somalia,SOM,1999,1.9998246
Somalia,SOM,2000,2.0177808
Somalia,SOM,2001,2.0177789
Somalia,SOM,2002,2.0177782
Somalia,SOM,2003,1.8651096
Somalia,SOM,2004,1.8618193
Somalia,SOM,2005,2.0076456
Somalia,SOM,2006,2.0071855
Somalia,SOM,2007,1.9597428
Somalia,SOM,2008,1.9916703
Somalia,SOM,2009,1.9851053
Somalia,SOM,2010,1.9812121
Somalia,SOM,2011,1.9854907
Somalia,SOM,2012,1.9816449
Somalia,SOM,2013,1.9858781
Somalia,SOM,2014,1.9848516
Somalia,SOM,2015,1.9861003
Somalia,SOM,2016,1.9856102
Somalia,SOM,2017,1.9855207
Somalia,SOM,2018,1.9857436
Somalia,SOM,2019,1.9856248
Sudan,SDN,1970,15.50661
Sudan,SDN,1971,15.033801
Sudan,SDN,1972,14.845594
Sudan,SDN,1973,16.378342
Sudan,SDN,1974,16.778854
Sudan,SDN,1975,14.309844
Sudan,SDN,1976,12.307121
Sudan,SDN,1977,11.019535
Sudan,SDN,1978,14.211978
Sudan,SDN,1979,17.99663
Sudan,SDN,1980,17.93792
Sudan,SDN,1981,17.996368
Sudan,SDN,1982,16.391066
Sudan,SDN,1983,12.003815
Sudan,SDN,1984,9.895217
Sudan,SDN,1985,6.426574
Sudan,SDN,1986,5.8856106
Sudan,SDN,1987,5.903767
Sudan,SDN,1988,4.78522
Sudan,SDN,1989,3.7156994
Sudan,SDN,1990,4.6292663
Sudan,SDN,1991,7.489875
Sudan,SDN,1992,9.727452
Sudan,SDN,1993,7.671339
Sudan,SDN,1994,7.0133023
Sudan,SDN,1995,7.028806
Sudan,SDN,1996,9.271003
Sudan,SDN,1997,11.432832
Sudan,SDN,1998,12.991041
Sudan,SDN,1999,11.187533
Sudan,SDN,2000,14.455925
Sudan,SDN,2001,11.368711
Sudan,SDN,2002,13.454133
Sudan,SDN,2003,12.6258745
Sudan,SDN,2004,14.529669
Sudan,SDN,2005,18.27286
Sudan,SDN,2006,17.832228
Sudan,SDN,2007,16.254572
Sudan,SDN,2008,16.95198
Sudan,SDN,2009,14.882792
Sudan,SDN,2010,15.306976
Sudan,SDN,2011,31.578255
Sudan,SDN,2012,22.175316
Sudan,SDN,2013,27.738026
Sudan,SDN,2014,20.505486
Sudan,SDN,2015,18.608446
Sudan,SDN,2016,16.14108
Sudan,SDN,2017,18.948246
Sudan,SDN,2018,21.521252
Sudan,SDN,2019,26.174364
Tanzania,TZA,1960,33.74911
Tanzania,TZA,1961,31.151823
Tanzania,TZA,1962,29.099497
Tanzania,TZA,1963,30.573595
Tanzania,TZA,1964,28.094086
Tanzania,TZA,1965,28.037453
Tanzania,TZA,1966,29.474058
Tanzania,TZA,1967,28.40699
Tanzania,TZA,1968,27.65115
Tanzania,TZA,1969,26.84618
Tanzania,TZA,1970,27.850992
Tanzania,TZA,1971,30.136105
Tanzania,TZA,1972,28.860989
Tanzania,TZA,1973,27.373453
Tanzania,TZA,1974,29.388624
Tanzania,TZA,1975,25.723536
Tanzania,TZA,1976,25.36484
Tanzania,TZA,1977,23.436264
Tanzania,TZA,1978,24.003925
Tanzania,TZA,1979,22.289984
Tanzania,TZA,1980,21.397453
Tanzania,TZA,1981,17.957106
Tanzania,TZA,1982,12.494731
Tanzania,TZA,1983,10.732331
Tanzania,TZA,1984,12.079017
Tanzania,TZA,1985,12.677902
Tanzania,TZA,1986,18.590595
Tanzania,TZA,1987,27.185238
Tanzania,TZA,1988,26.131058
Tanzania,TZA,1989,25.50028
Tanzania,TZA,1990,28.53873
Tanzania,TZA,1991,26.605562
Tanzania,TZA,1992,32.46935
Tanzania,TZA,1993,37.20764
Tanzania,TZA,1994,43.711437
Tanzania,TZA,1995,45.06197
Tanzania,TZA,1996,35.775963
Tanzania,TZA,1997,28.915077
Tanzania,TZA,1998,28.282246
Tanzania,TZA,1999,27.16466
Tanzania,TZA,2000,25.911892
Tanzania,TZA,2001,29.855215
Tanzania,TZA,2002,29.305454
Tanzania,TZA,2003,32.284195
Tanzania,TZA,2004,35.558838
Tanzania,TZA,2005,39.19997
Tanzania,TZA,2006,42.137875
Tanzania,TZA,2007,50.503246
Tanzania,TZA,2008,49.353836
Tanzania,TZA,2009,43.654613
Tanzania,TZA,2010,47.853268
Tanzania,TZA,2011,56.642162
Tanzania,TZA,2012,54.36959
Tanzania,TZA,2013,48.63062
Tanzania,TZA,2014,45.356026
Tanzania,TZA,2015,40.75768
Tanzania,TZA,2016,35.420467
Tanzania,TZA,2017,32.265976
Tanzania,TZA,2018,32.751236
Tanzania,TZA,2019,32.959118
Togo,TGO,1960,44.92092
Togo,TGO,1961,51.129105
Togo,TGO,1962,47.333378
Togo,TGO,1963,39.101177
Togo,TGO,1964,52.63377
Togo,TGO,1965,47.076614
Togo,TGO,1966,52.980824
Togo,TGO,1967,48.96628
Togo,TGO,1968,53.795727
Togo,TGO,1969,60.005367
Togo,TGO,1970,71.09196
Togo,TGO,1971,70.09025
Togo,TGO,1972,63.63088
Togo,TGO,1973,56.156628
Togo,TGO,1974,79.648415
Togo,TGO,1975,85.978584
Togo,TGO,1976,86.33653
Togo,TGO,1977,84.19909
Togo,TGO,1978,102.50624
Togo,TGO,1979,107.97464
Togo,TGO,1980,108.35791
Togo,TGO,1981,112.371
Togo,TGO,1982,112.82796
Togo,TGO,1983,97.47847
Togo,TGO,1984,122.08625
Togo,TGO,1985,123.43451
Togo,TGO,1986,98.32955
Togo,TGO,1987,90.98229
Togo,TGO,1988,87.3428
Togo,TGO,1989,82.01713
Togo,TGO,1990,73.08256
Togo,TGO,1991,72.721405
Togo,TGO,1992,60.72805
Togo,TGO,1993,52.248455
Togo,TGO,1994,70.38987
Togo,TGO,1995,68.0099
Togo,TGO,1996,72.66057
Togo,TGO,1997,65.07151
Togo,TGO,1998,68.17189
Togo,TGO,1999,61.307358
Togo,TGO,2000,68.66603
Togo,TGO,2001,72.60305
Togo,TGO,2002,72.87693
Togo,TGO,2003,78.217926
Togo,TGO,2004,81.71684
Togo,TGO,2005,86.7753
Togo,TGO,2006,87.006
Togo,TGO,2007,85.88075
Togo,TGO,2008,84.64887
Togo,TGO,2009,85.760765
Togo,TGO,2010,91.206245
Togo,TGO,2011,103.14526
Togo,TGO,2012,95.06904
Togo,TGO,2013,97.94822
Togo,TGO,2014,80.76923
Togo,TGO,2015,74.02447
Togo,TGO,2016,66.88057
Togo,TGO,2017,58.135612
Togo,TGO,2018,57.11773
Togo,TGO,2019,56.51118
Uganda,UGA,1950,139.19348
Uganda,UGA,1951,165.74622
Uganda,UGA,1952,155.32933
Uganda,UGA,1953,162.90506
Uganda,UGA,1954,153.46391
Uganda,UGA,1955,161.6102
Uganda,UGA,1956,154.8616
Uganda,UGA,1957,156.77695
Uganda,UGA,1958,157.61476
Uganda,UGA,1959,149.44621
Uganda,UGA,1960,152.60464
Uganda,UGA,1961,149.03767
Uganda,UGA,1962,146.65015
Uganda,UGA,1963,162.22641
Uganda,UGA,1964,160.786
Uganda,UGA,1965,164.01904
Uganda,UGA,1966,169.01976
Uganda,UGA,1967,161.13837
Uganda,UGA,1968,150.57425
Uganda,UGA,1969,134.57253
Uganda,UGA,1970,80.07674
Uganda,UGA,1971,85.671326
Uganda,UGA,1972,66.61251
Uganda,UGA,1973,52.91231
Uganda,UGA,1974,54.272697
Uganda,UGA,1975,37.21911
Uganda,UGA,1976,37.872772
Uganda,UGA,1977,33.702396
Uganda,UGA,1978,19.514141
Uganda,UGA,1979,23.729748
Uganda,UGA,1980,23.547663
Uganda,UGA,1981,18.489985
Uganda,UGA,1982,21.33975
Uganda,UGA,1983,18.847734
Uganda,UGA,1984,22.682106
Uganda,UGA,1985,18.79771
Uganda,UGA,1986,23.781424
Uganda,UGA,1987,22.609337
Uganda,UGA,1988,19.440018
Uganda,UGA,1989,20.375248
Uganda,UGA,1990,21.13647
Uganda,UGA,1991,24.597042
Uganda,UGA,1992,21.3679
Uganda,UGA,1993,21.73797
Uganda,UGA,1994,25.616398
Uganda,UGA,1995,26.070675
Uganda,UGA,1996,34.68194
Uganda,UGA,1997,26.276985
Uganda,UGA,1998,29.116873
Uganda,UGA,1999,29.58756
Uganda,UGA,2000,29.533573
Uganda,UGA,2001,30.628157
Uganda,UGA,2002,31.050533
Uganda,UGA,2003,32.363457
Uganda,UGA,2004,33.51389
Uganda,UGA,2005,35.97912
Uganda,UGA,2006,39.155346
Uganda,UGA,2007,43.361927
Uganda,UGA,2008,45.801514
Uganda,UGA,2009,44.92012
Uganda,UGA,2010,49.070946
Uganda,UGA,2011,54.688877
Uganda,UGA,2012,51.76153
Uganda,UGA,2013,49.81476
Uganda,UGA,2014,45.115208
Uganda,UGA,2015,49.7616
Uganda,UGA,2016,42.912407
Uganda,UGA,2017,44.5408
Uganda,UGA,2018,47.69027
Uganda,UGA,2019,44.682526
Zambia,ZMB,1955,162.10078
Zambia,ZMB,1956,159.21608
Zambia,ZMB,1957,167.8867
Zambia,ZMB,1958,142.42235
Zambia,ZMB,1959,153.63562
Zambia,ZMB,1960,150.72177
Zambia,ZMB,1961,146.44484
Zambia,ZMB,1962,151.3302
Zambia,ZMB,1963,149.40802
Zambia,ZMB,1964,151.84196
Zambia,ZMB,1965,132.50754
Zambia,ZMB,1966,141.47058
Zambia,ZMB,1967,148.57335
Zambia,ZMB,1968,143.98938
Zambia,ZMB,1969,145.5096
Zambia,ZMB,1970,142.70328
Zambia,ZMB,1971,127.04161
Zambia,ZMB,1972,120.54338
Zambia,ZMB,1973,116.381226
Zambia,ZMB,1974,126.12451
Zambia,ZMB,1975,120.82039
Zambia,ZMB,1976,109.66629
Zambia,ZMB,1977,102.85346
Zambia,ZMB,1978,89.13156
Zambia,ZMB,1979,98.73476
Zambia,ZMB,1980,108.91018
Zambia,ZMB,1981,98.301575
Zambia,ZMB,1982,81.68865
Zambia,ZMB,1983,72.18403
Zambia,ZMB,1984,80.99604
Zambia,ZMB,1985,86.72051
Zambia,ZMB,1986,98.9173
Zambia,ZMB,1987,111.49525
Zambia,ZMB,1988,87.642075
Zambia,ZMB,1989,85.91026
Zambia,ZMB,1990,101.377594
Zambia,ZMB,1991,77.58127
Zambia,ZMB,1992,91.48423
Zambia,ZMB,1993,80.05789
Zambia,ZMB,1994,71.86822
Zambia,ZMB,1995,74.77846
Zambia,ZMB,1996,69.12439
Zambia,ZMB,1997,64.32221
Zambia,ZMB,1998,65.54974
Zambia,ZMB,1999,63.788204
Zambia,ZMB,2000,51.329414
Zambia,ZMB,2001,70.412
Zambia,ZMB,2002,67.489586
Zambia,ZMB,2003,67.12195
Zambia,ZMB,2004,73.36714
Zambia,ZMB,2005,66.226036
Zambia,ZMB,2006,61.68257
Zambia,ZMB,2007,71.7603
Zambia,ZMB,2008,63.464485
Zambia,ZMB,2009,60.191757
Zambia,ZMB,2010,67.90093
Zambia,ZMB,2011,73.01547
Zambia,ZMB,2012,82.15614
Zambia,ZMB,2013,89.24316
Zambia,ZMB,2014,81.4356
Zambia,ZMB,2015,85.8697
Zambia,ZMB,2016,72.23883
Zambia,ZMB,2017,71.58569
Zambia,ZMB,2018,72.96621
Zambia,ZMB,2019,70.118675
Zimbabwe,ZWE,1954,77.26635
Zimbabwe,ZWE,1955,79.62901
Zimbabwe,ZWE,1956,75.51584
Zimbabwe,ZWE,1957,71.87178
Zimbabwe,ZWE,1958,69.86155
Zimbabwe,ZWE,1959,66.07727
Zimbabwe,ZWE,1960,61.953896
Zimbabwe,ZWE,1961,64.570526
Zimbabwe,ZWE,1962,62.55246
Zimbabwe,ZWE,1963,58.763725
Zimbabwe,ZWE,1964,65.43381
Zimbabwe,ZWE,1965,67.11264
Zimbabwe,ZWE,1966,50.180836
Zimbabwe,ZWE,1967,49.012806
Zimbabwe,ZWE,1968,49.235813
Zimbabwe,ZWE,1969,42.664303
Zimbabwe,ZWE,1970,44.09881
Zimbabwe,ZWE,1971,43.876625
Zimbabwe,ZWE,1972,44.608986
Zimbabwe,ZWE,1973,43.810806
Zimbabwe,ZWE,1974,43.210075
Zimbabwe,ZWE,1975,46.80607
Zimbabwe,ZWE,1976,41.416264
Zimbabwe,ZWE,1977,41.407898
Zimbabwe,ZWE,1978,41.916676
Zimbabwe,ZWE,1979,44.129295
Zimbabwe,ZWE,1980,49.401215
Zimbabwe,ZWE,1981,44.69333
Zimbabwe,ZWE,1982,38.611046
Zimbabwe,ZWE,1983,35.524143
Zimbabwe,ZWE,1984,41.087143
Zimbabwe,ZWE,1985,34.400146
Zimbabwe,ZWE,1986,35.527985
Zimbabwe,ZWE,1987,35.316273
Zimbabwe,ZWE,1988,34.410713
Zimbabwe,ZWE,1989,35.10307
Zimbabwe,ZWE,1990,35.522125
Zimbabwe,ZWE,1991,39.618984
Zimbabwe,ZWE,1992,49.294113
Zimbabwe,ZWE,1993,49.08949
Zimbabwe,ZWE,1994,55.270374
Zimbabwe,ZWE,1995,61.14534
Zimbabwe,ZWE,1996,55.085285
Zimbabwe,ZWE,1997,59.981262
Zimbabwe,ZWE,1998,66.52015
Zimbabwe,ZWE,1999,70.92267
Zimbabwe,ZWE,2000,74.067406
Zimbabwe,ZWE,2001,67.897865
Zimbabwe,ZWE,2002,66.80735
Zimbabwe,ZWE,2003,70.45199
Zimbabwe,ZWE,2004,76.03961
Zimbabwe,ZWE,2005,76.04371
Zimbabwe,ZWE,2006,82.82065
Zimbabwe,ZWE,2007,84.172905
Zimbabwe,ZWE,2008,109.52164
Zimbabwe,ZWE,2009,61.77844
Zimbabwe,ZWE,2010,83.12419
Zimbabwe,ZWE,2011,89.46653
Zimbabwe,ZWE,2012,74.16254
Zimbabwe,ZWE,2013,58.656494
Zimbabwe,ZWE,2014,54.671616
Zimbabwe,ZWE,2015,56.748814
Zimbabwe,ZWE,2016,51.21902
Zimbabwe,ZWE,2017,50.028294
Zimbabwe,ZWE,2018,50.005363
Zimbabwe,ZWE,2019,50.41756
